-- phpMyAdmin SQL Dump
-- version 5.0.4
-- https://www.phpmyadmin.net/
--
-- Host: localhost
-- Generation Time: Mar 18, 2021 at 06:13 PM
-- Server version: 5.7.33-log
-- PHP Version: 7.3.27

SET SQL_MODE = "NO_AUTO_VALUE_ON_ZERO";
START TRANSACTION;
SET time_zone = "+00:00";


/*!40101 SET @OLD_CHARACTER_SET_CLIENT=@@CHARACTER_SET_CLIENT */;
/*!40101 SET @OLD_CHARACTER_SET_RESULTS=@@CHARACTER_SET_RESULTS */;
/*!40101 SET @OLD_COLLATION_CONNECTION=@@COLLATION_CONNECTION */;
/*!40101 SET NAMES utf8mb4 */;

--
-- Database: `bunker`
--

-- --------------------------------------------------------

--
-- Table structure for table `admins`
--

CREATE TABLE `admins` (
  `id` bigint(20) UNSIGNED NOT NULL,
  `name` varchar(255) COLLATE utf8mb4_unicode_ci DEFAULT NULL,
  `email` varchar(255) COLLATE utf8mb4_unicode_ci NOT NULL,
  `password` varchar(255) COLLATE utf8mb4_unicode_ci NOT NULL,
  `remember_token` varchar(100) COLLATE utf8mb4_unicode_ci DEFAULT NULL,
  `created_at` timestamp NULL DEFAULT NULL,
  `updated_at` timestamp NULL DEFAULT NULL
) ENGINE=InnoDB DEFAULT CHARSET=utf8mb4 COLLATE=utf8mb4_unicode_ci;

-- --------------------------------------------------------

--
-- Table structure for table `advertisements`
--

CREATE TABLE `advertisements` (
  `id` bigint(20) UNSIGNED NOT NULL,
  `order_id` bigint(20) DEFAULT NULL,
  `user_id` bigint(20) UNSIGNED NOT NULL,
  `banner_image` varchar(255) DEFAULT NULL,
  `link` varchar(255) DEFAULT NULL,
  `click_count` int(11) DEFAULT '0',
  `start_date` date DEFAULT NULL,
  `expire_date` date DEFAULT NULL,
  `time_period` varchar(255) DEFAULT NULL,
  `user_type` tinyint(4) NOT NULL COMMENT '0=consultant,1=university',
  `status` tinyint(4) NOT NULL DEFAULT '0',
  `updated_at` timestamp NULL DEFAULT NULL,
  `created_at` timestamp NULL DEFAULT NULL
) ENGINE=InnoDB DEFAULT CHARSET=utf8mb4;

--
-- Dumping data for table `advertisements`
--

INSERT INTO `advertisements` (`id`, `order_id`, `user_id`, `banner_image`, `link`, `click_count`, `start_date`, `expire_date`, `time_period`, `user_type`, `status`, `updated_at`, `created_at`) VALUES
(11, 13, 53, 'advertisement/1612200938index1.jpg', 'https://www.youtube.com/watch?v=sMoM0fYO-Qg&list=RDCLAK5uy_n9Fbdw7e6ap-98_A-8JYBmPv64v-Uaq1g&', 6, '2021-01-20', '2021-02-20', NULL, 0, 1, '2021-02-02 07:58:01', '2021-01-12 10:26:01'),
(12, 14, 53, 'advertisement/1612200938index1.jpg', 'https://www.youtube.com/watch?v=sMoM0fYO-Qg&list=RDCLAK5uy_n9Fbdw7e6ap-98_A-8JYBmPv64v-Uaq1g&', 2, NULL, '2021-02-12', NULL, 0, 1, '2021-02-02 11:14:38', '2021-01-12 10:37:55'),
(13, 15, 53, 'advertisement/1612200938index1.jpg', 'https://www.youtube.com/watch?v=sMoM0fYO-Qg&list=RDCLAK5uy_n9Fbdw7e6ap-98_A-8JYBmPv64v-Uaq1g&', 1, NULL, '2021-02-12', NULL, 0, 1, '2021-02-02 06:56:08', '2021-01-12 10:40:50'),
(15, 19, 63, 'advertisement/1612200938index1.jpg', 'https://www.youtube.com/watch?v=sMoM0fYO-Qg&list=RDCLAK5uy_n9Fbdw7e6ap-98_A-8JYBmPv64v-Uaq1g&', 1, '2021-01-18', '2021-02-18', NULL, 1, 1, '2021-02-02 06:56:21', '2021-01-12 11:00:49'),
(16, 20, 53, 'advertisement/1612200938index1.jpg', 'https://www.youtube.com/watch?v=sMoM0fYO-Qg&list=RDCLAK5uy_n9Fbdw7e6ap-98_A-8JYBmPv64v-Uaq1g&', 1, NULL, '2021-02-12', NULL, 0, 1, '2021-02-02 07:57:29', '2021-01-12 11:30:53'),
(17, 21, 53, 'advertisement/1612200938index1.jpg', NULL, NULL, NULL, '2021-02-12', NULL, 0, 1, '2021-01-12 17:21:50', '2021-01-12 17:21:50'),
(18, 22, 53, 'advertisement/1612200938index1.jpg', NULL, NULL, NULL, '2021-02-13', NULL, 0, 1, '2021-01-13 07:32:49', '2021-01-13 07:32:49'),
(19, 24, 63, 'advertisement/1610523479download.png', NULL, NULL, NULL, '2021-02-13', NULL, 1, 1, '2021-01-13 07:37:59', '2021-01-13 07:37:59'),
(20, 26, 53, 'advertisement/161052401496d6f2e7e1f705ab5e59c84a6dc009b2.png', NULL, NULL, NULL, '2021-02-13', NULL, 0, 1, '2021-01-13 07:46:54', '2021-01-13 07:46:54'),
(21, 27, 53, 'advertisement/1610524682aaron-burden-yFnX8DaC3UM-unsplash.jpg', NULL, NULL, NULL, '2021-02-13', NULL, 0, 1, '2021-01-13 07:58:02', '2021-01-13 07:58:02'),
(22, 28, 63, 'advertisement/1610541328canmandawe-3iaV4wNnzks-unsplash.jpg', NULL, NULL, NULL, '2021-02-13', NULL, 1, 1, '2021-01-13 12:35:28', '2021-01-13 12:35:28'),
(24, 31, 53, 'advertisement/1610776146download (1).jpg', NULL, NULL, NULL, '2021-10-16', '9', 0, 1, '2021-01-16 06:26:13', '2021-01-16 05:49:06'),
(25, 32, 53, 'advertisement/1610776426download (1).jpg', NULL, NULL, '2021-01-16', '2021-10-16', '9', 0, 1, '2021-01-16 09:13:47', '2021-01-16 05:53:46'),
(26, 33, 63, 'advertisement/1610802180download (1).jpg', NULL, NULL, '2021-01-16', '2021-04-16', '3', 1, 1, '2021-01-16 13:05:16', '2021-01-16 13:03:00'),
(27, 42, 53, 'advertisement/1611211709Screenshot 2020-11-29 010119.png', NULL, NULL, '2021-01-26', '2021-04-26', '3', 0, 1, '2021-01-26 09:29:00', '2021-01-21 06:48:29'),
(33, 66, 53, 'advertisement/1611840804downloadtest.jpg', NULL, 1, '2021-01-31', '2021-10-31', '9', 0, 1, '2021-02-02 07:10:24', '2021-01-28 13:33:24'),
(34, 66, 53, 'advertisement/1611840836downloadtest.jpg', NULL, NULL, NULL, NULL, '9', 0, 0, '2021-01-28 13:33:56', '2021-01-28 13:33:56'),
(35, 67, 53, 'advertisement/1612200938index1.jpg', 'https://www.youtube.com/watch?v=sMoM0fYO-Qg&list=RDCLAK5uy_n9Fbdw7e6ap-98_A-8JYBmPv64v-Uaq1g&', NULL, NULL, NULL, '9', 0, 0, '2021-02-01 17:51:25', '2021-02-01 17:22:26'),
(36, 68, 63, 'advertisement/1612201761wait.png', 'https://www.youtube.com/watch?v=uJ6WU-u4i3w&list=RDCLAK5uy_n9Fbdw7e6ap-98_A-8JYBmPv64v-Uaq1g&sohaib', NULL, NULL, NULL, '3', 1, 0, '2021-02-01 17:51:58', '2021-02-01 17:45:34');

-- --------------------------------------------------------

--
-- Table structure for table `adverts`
--

CREATE TABLE `adverts` (
  `id` int(10) UNSIGNED NOT NULL,
  `alt` varchar(255) COLLATE utf8mb4_unicode_ci NOT NULL,
  `url` varchar(255) COLLATE utf8mb4_unicode_ci NOT NULL,
  `image_url` varchar(255) COLLATE utf8mb4_unicode_ci NOT NULL,
  `image_path` varchar(255) COLLATE utf8mb4_unicode_ci NOT NULL,
  `views` int(11) NOT NULL,
  `clicks` int(11) NOT NULL,
  `active` tinyint(1) NOT NULL,
  `advert_category_id` int(10) UNSIGNED NOT NULL,
  `viewed_at` timestamp NOT NULL DEFAULT CURRENT_TIMESTAMP ON UPDATE CURRENT_TIMESTAMP,
  `created_at` timestamp NULL DEFAULT NULL,
  `updated_at` timestamp NULL DEFAULT NULL
) ENGINE=InnoDB DEFAULT CHARSET=utf8mb4 COLLATE=utf8mb4_unicode_ci;

--
-- Dumping data for table `adverts`
--

INSERT INTO `adverts` (`id`, `alt`, `url`, `image_url`, `image_path`, `views`, `clicks`, `active`, `advert_category_id`, `viewed_at`, `created_at`, `updated_at`) VALUES
(3, 'https://www.youtube.com/watch?v=i-6qK5MyjO4', 'https://www.youtube.com/watch?v=i-6qK5MyjO4', 'https://www.youtube.com/watch?v=i-6qK5MyjO4', 'https://www.youtube.com/watch?v=i-6qK5MyjO4', 0, 16, 1, 1, '2020-11-30 10:29:44', '2020-11-28 18:53:45', '2020-11-30 04:59:44');

-- --------------------------------------------------------

--
-- Table structure for table `advert_categories`
--

CREATE TABLE `advert_categories` (
  `id` int(10) UNSIGNED NOT NULL,
  `type` varchar(255) COLLATE utf8mb4_unicode_ci NOT NULL,
  `width` int(11) NOT NULL,
  `height` int(11) NOT NULL,
  `created_at` timestamp NULL DEFAULT NULL,
  `updated_at` timestamp NULL DEFAULT NULL
) ENGINE=InnoDB DEFAULT CHARSET=utf8mb4 COLLATE=utf8mb4_unicode_ci;

--
-- Dumping data for table `advert_categories`
--

INSERT INTO `advert_categories` (`id`, `type`, `width`, `height`, `created_at`, `updated_at`) VALUES
(1, 'New', 200, 300, '2020-11-28 18:55:26', '2020-11-28 18:55:26');

-- --------------------------------------------------------

--
-- Table structure for table `banners`
--

CREATE TABLE `banners` (
  `id` int(10) UNSIGNED NOT NULL,
  `business_id` int(11) DEFAULT NULL,
  `url` text COLLATE utf8mb4_unicode_ci,
  `image` varchar(255) COLLATE utf8mb4_unicode_ci NOT NULL,
  `position` int(11) NOT NULL,
  `start_show` timestamp NULL DEFAULT NULL,
  `end_show` timestamp NULL DEFAULT NULL,
  `created_at` timestamp NULL DEFAULT NULL,
  `updated_at` timestamp NULL DEFAULT NULL,
  `deleted_at` timestamp NULL DEFAULT NULL
) ENGINE=InnoDB DEFAULT CHARSET=utf8mb4 COLLATE=utf8mb4_unicode_ci;

--
-- Dumping data for table `banners`
--

INSERT INTO `banners` (`id`, `business_id`, `url`, `image`, `position`, `start_show`, `end_show`, `created_at`, `updated_at`, `deleted_at`) VALUES
(4, 8, 'www.fidebose.com', 'uploads/bannerimage/1616043603LOGO.jpg', 1, NULL, NULL, '2021-03-18 05:00:03', '2021-03-18 05:00:03', NULL),
(5, 10, 'www.jerenagency.com.ng', 'uploads/bannerimage/1616043726download.png', 2, NULL, NULL, '2021-03-18 05:02:06', '2021-03-18 05:02:06', NULL),
(6, 9, 'www.atlamart.com', 'uploads/bannerimage/1616043759cropped-ATLAMART-LOGO-02-1.png', 3, NULL, NULL, '2021-03-18 05:02:39', '2021-03-18 05:02:39', NULL),
(7, 11, 'www.atlamart.com', 'uploads/bannerimage/16160437811615614562logo.png', 4, NULL, NULL, '2021-03-18 05:03:01', '2021-03-18 05:03:01', NULL),
(8, 12, 'http://njordshipsupply.com/', 'uploads/bannerimage/1616045044Logo-FINAL-PNGpeq.png', 5, NULL, NULL, '2021-03-18 05:24:04', '2021-03-18 05:24:04', NULL),
(9, 13, 'http://www.transamerica.com.uy/', 'uploads/bannerimage/1616045413LOGO-PNG2.png', 6, NULL, NULL, '2021-03-18 05:30:13', '2021-03-18 05:30:13', NULL),
(10, 14, 'https://markusnet.com/', 'uploads/bannerimage/1616046164Markus-Lifenet-Logo-oaa8uos563ik5h4la0ah5zodz7528i2tnsagr3igmo.png', 7, NULL, NULL, '2021-03-18 05:42:44', '2021-03-18 05:42:44', NULL),
(11, 15, 'http://www.niccompany.com.mt/home.html', 'uploads/bannerimage/1616046470nic-malta.png', 8, NULL, NULL, '2021-03-18 05:47:50', '2021-03-18 05:47:50', NULL),
(12, 16, 'https://www.tesrl.it/home', 'uploads/bannerimage/1616047144download.jpg', 9, NULL, NULL, '2021-03-18 05:59:04', '2021-03-18 05:59:04', NULL),
(13, 17, 'https://www.jacekmarine.com/', 'uploads/bannerimage/1616047477download (1).png', 10, NULL, NULL, '2021-03-18 06:04:37', '2021-03-18 06:04:37', NULL),
(14, 18, 'https://www.vikingcv.com/', 'uploads/bannerimage/1616047891shipping-agencia-viking6.jpg', 11, NULL, NULL, '2021-03-18 06:11:31', '2021-03-18 06:11:31', NULL);

-- --------------------------------------------------------

--
-- Table structure for table `bookmark`
--

CREATE TABLE `bookmark` (
  `id` int(11) NOT NULL,
  `business_id` int(11) NOT NULL DEFAULT '0',
  `user_id` int(11) NOT NULL DEFAULT '0',
  `created_at` datetime NOT NULL,
  `updated_at` timestamp NULL DEFAULT NULL
) ENGINE=InnoDB DEFAULT CHARSET=utf8 COLLATE=utf8_unicode_ci;

--
-- Dumping data for table `bookmark`
--

INSERT INTO `bookmark` (`id`, `business_id`, `user_id`, `created_at`, `updated_at`) VALUES
(1, 1, 46, '2021-03-17 07:42:48', '2021-03-17 07:42:48'),
(3, 1, 63, '2021-03-17 08:55:24', '2021-03-17 08:55:24'),
(4, 2, 63, '2021-03-17 08:55:31', '2021-03-17 08:55:31'),
(18, 10, 22, '2021-03-17 11:25:54', '2021-03-17 11:25:54'),
(30, 8, 22, '2021-03-18 06:37:48', '2021-03-18 06:37:48'),
(32, 9, 22, '2021-03-18 06:38:10', '2021-03-18 06:38:10'),
(33, 10, 48, '2021-03-18 06:39:03', '2021-03-18 06:39:03'),
(34, 9, 48, '2021-03-18 06:39:03', '2021-03-18 06:39:03');

-- --------------------------------------------------------

--
-- Table structure for table `business`
--

CREATE TABLE `business` (
  `id` int(11) NOT NULL,
  `user_id` int(11) NOT NULL DEFAULT '0',
  `plan_type` int(11) DEFAULT NULL COMMENT '0=standard , 1=premium',
  `name` varchar(255) COLLATE utf8_unicode_ci DEFAULT NULL,
  `email` varchar(255) COLLATE utf8_unicode_ci DEFAULT NULL,
  `mobile` varchar(255) COLLATE utf8_unicode_ci DEFAULT NULL,
  `fax` varchar(255) COLLATE utf8_unicode_ci DEFAULT NULL,
  `landline` text COLLATE utf8_unicode_ci,
  `address` text COLLATE utf8_unicode_ci,
  `latitude` varchar(255) COLLATE utf8_unicode_ci NOT NULL DEFAULT '0',
  `longitude` varchar(255) COLLATE utf8_unicode_ci NOT NULL DEFAULT '0',
  `country` int(11) DEFAULT NULL,
  `state` varchar(255) COLLATE utf8_unicode_ci DEFAULT NULL,
  `city` varchar(255) COLLATE utf8_unicode_ci DEFAULT NULL,
  `business_time` int(11) DEFAULT '0',
  `start_time` time DEFAULT NULL,
  `end_time` time DEFAULT NULL,
  `created_at` timestamp NULL DEFAULT NULL,
  `updated_at` timestamp NULL DEFAULT NULL,
  `status` int(11) NOT NULL DEFAULT '0' COMMENT '0=upcomming , 1=avtive , 2=reject',
  `category` text COLLATE utf8_unicode_ci,
  `business_profile` varchar(255) COLLATE utf8_unicode_ci DEFAULT NULL,
  `about` longblob,
  `ports_of_operation` text COLLATE utf8_unicode_ci,
  `sunday` varchar(255) COLLATE utf8_unicode_ci DEFAULT 'close',
  `sunday_start_time` varchar(255) COLLATE utf8_unicode_ci DEFAULT NULL,
  `sunday_end_time` varchar(255) COLLATE utf8_unicode_ci DEFAULT NULL,
  `monday` varchar(255) COLLATE utf8_unicode_ci DEFAULT 'close',
  `monday_start_time` varchar(255) COLLATE utf8_unicode_ci DEFAULT NULL,
  `monday_end_time` varchar(255) COLLATE utf8_unicode_ci DEFAULT NULL,
  `tuesday` varchar(255) COLLATE utf8_unicode_ci DEFAULT 'close',
  `tuesday_start_time` varchar(255) COLLATE utf8_unicode_ci DEFAULT NULL,
  `tuesday_end_time` varchar(255) COLLATE utf8_unicode_ci DEFAULT NULL,
  `wednesday` varchar(255) COLLATE utf8_unicode_ci DEFAULT 'close',
  `wednesday_start_time` varchar(255) COLLATE utf8_unicode_ci DEFAULT NULL,
  `wednesday_end_time` varchar(255) COLLATE utf8_unicode_ci DEFAULT NULL,
  `thursday` varchar(255) COLLATE utf8_unicode_ci DEFAULT 'close',
  `thursday_start_time` varchar(255) COLLATE utf8_unicode_ci DEFAULT NULL,
  `thursday_end_time` varchar(255) COLLATE utf8_unicode_ci DEFAULT NULL,
  `friday` varchar(255) COLLATE utf8_unicode_ci DEFAULT 'close',
  `friday_start_time` varchar(255) COLLATE utf8_unicode_ci DEFAULT NULL,
  `friday_end_time` varchar(255) COLLATE utf8_unicode_ci DEFAULT NULL,
  `saturday` varchar(255) COLLATE utf8_unicode_ci DEFAULT 'close',
  `saturday_start_time` varchar(255) COLLATE utf8_unicode_ci DEFAULT NULL,
  `saturday_end_time` varchar(255) COLLATE utf8_unicode_ci DEFAULT NULL,
  `business_status` int(11) DEFAULT NULL,
  `reject_reason` text COLLATE utf8_unicode_ci,
  `working_hour` varchar(255) COLLATE utf8_unicode_ci DEFAULT NULL,
  `personal_info` varchar(255) COLLATE utf8_unicode_ci DEFAULT NULL,
  `website` text COLLATE utf8_unicode_ci,
  `featured` int(11) NOT NULL DEFAULT '2',
  `featured_banner_image` varchar(255) COLLATE utf8_unicode_ci DEFAULT NULL,
  `category_name` varchar(255) COLLATE utf8_unicode_ci DEFAULT NULL
) ENGINE=InnoDB DEFAULT CHARSET=utf8 COLLATE=utf8_unicode_ci;

--
-- Dumping data for table `business`
--

INSERT INTO `business` (`id`, `user_id`, `plan_type`, `name`, `email`, `mobile`, `fax`, `landline`, `address`, `latitude`, `longitude`, `country`, `state`, `city`, `business_time`, `start_time`, `end_time`, `created_at`, `updated_at`, `status`, `category`, `business_profile`, `about`, `ports_of_operation`, `sunday`, `sunday_start_time`, `sunday_end_time`, `monday`, `monday_start_time`, `monday_end_time`, `tuesday`, `tuesday_start_time`, `tuesday_end_time`, `wednesday`, `wednesday_start_time`, `wednesday_end_time`, `thursday`, `thursday_start_time`, `thursday_end_time`, `friday`, `friday_start_time`, `friday_end_time`, `saturday`, `saturday_start_time`, `saturday_end_time`, `business_status`, `reject_reason`, `working_hour`, `personal_info`, `website`, `featured`, `featured_banner_image`, `category_name`) VALUES
(8, 0, 1, 'Fidebose International Limited', 'fidebose@yahoo.com', NULL, NULL, '2348026398788', '23 Adele Road, Apapa Lagos, Nigeria.', '0', '0', 156, NULL, NULL, 1, NULL, NULL, '2021-03-18 04:42:00', '2021-03-18 04:42:00', 1, '1,2', 'uploads/businessprofileimage/1616042520LOGO.jpg', 0x4d656d626572202849414d53502920496e7465726e6174696f6e616c204173736f63696174696f6e206f66204d6172696e6520616e64205368697070696e672050726f66657373696f6e616c732e, 'Lagos - Nigeria, Cotonou - Benin, Lome - Togo, Tema - Ghana, Abidjan.', 'open', NULL, NULL, 'open', NULL, NULL, 'open', NULL, NULL, 'open', NULL, NULL, 'open', NULL, NULL, 'open', NULL, NULL, NULL, NULL, '0', NULL, NULL, NULL, NULL, 'www.fidebose.com', 2, '', 'Ship Chandler/Supplier,Marine Equipment Suppliers'),
(9, 0, 1, 'AtlaMart Services Limited.', 'atlamartservices@gmail.com,info@atlamart.com', NULL, NULL, '2347056511270', '18 Sola Ayo-Vaughan Road, Apapa, Lagos, Nigeria.', '0', '0', 156, NULL, NULL, 1, NULL, NULL, '2021-03-18 04:45:39', '2021-03-18 04:45:39', 1, '1,2', 'uploads/businessprofileimage/1616042739cropped-ATLAMART-LOGO-02-1.png', 0x41746c614d617274205365727669636573204c696d697465642069732057657374204166726963616073206c6172676573742c2066756c6c2d73657276696365207368697073e2809920737570706c6965722e204c6f636174656420696e206f6e65206f6620746865206c61726765737420706f72747320696e2057657374204166726963612e20466f7220626f7468206f6365616e2d676f696e6720616e6420696e6c616e64207368697070696e672c2041746c614d617274205365727669636573204c696d697465642070726f7669646573206c69746572616c6c7920616e797468696e672074686174206973206e65656465642061626f61726420612076657373656c2e20536572766963652070726f766973696f6e206973206f757220627573696e65737320e2809320696e20746865206d6f73742066756e64616d656e74616c2073656e7365206f662074686520776f72642e2041206f6e652d73746f702d73686f7020666f7220616c6c20796f7572206e65656473207768657468657220697420697320746563686e6963616c20737570706c6965732c207361666574792065717569706d656e74206f7220666f6f6420736572766963652e200d0a0d0a41746c614d6172742073657276652076657373656c73206f666673686f726520616e6420696e20706f72742c20776865746865722069742069732061742062657274682c20616e63686f7261676573206f72206f66662d706f7274206c696d6974732e2057652073746f636b206120776964652072616e6765206f66207370656369616c6973742070726f647563747320746f207361746973667920657665727920637265772e20416c736f2c2077652063616e20616c736f20617272616e676520746f2073746f636b207370656369616c206974656d7320746861742061726520726567756c61726c79206e6565646564206f6e20726571756573742e20204f7572206f6666696365206973206f70656e20666f7220627573696e65737320323420686f7572732061206461792c203336352064617973206120796561722e205468652070726f647563747320616e64207365727669636573207265717569726564206279206f75722076616c75656420637573746f6d65727320696e20746865206d6172696e652c20696e647573747269616c2c206f666673686f7265206f696c20616e642067617320616e642072656c6174656420696e64757374726965732c2077652061726520686170707920746f2070726f766964652e2041746c614d617274206973206120636f6d706c65746520737570706c7920736f6c7574696f6e20666f7220616c6c20796f757220737570706c79206e656564732e, 'Operating all ports in Nigeria and Togo.', 'open', NULL, NULL, 'open', NULL, NULL, 'open', NULL, NULL, 'open', NULL, NULL, 'open', NULL, NULL, 'open', NULL, NULL, NULL, NULL, '0', NULL, NULL, NULL, NULL, 'https://atlamart.com/', 2, '', 'Ship Chandler/Supplier,Marine Equipment Suppliers'),
(10, 0, 0, 'Jeren Agency & Trading Ltd.', '', NULL, NULL, '', 'No 1, Crowther Crescent, Apapa Lagos, Nigeria.', '0', '0', 156, NULL, NULL, 1, NULL, NULL, '2021-03-18 04:50:21', '2021-03-18 07:02:07', 1, '', '', 0x546f206265207265636f676e697365642061732061207072656d696572207368697070696e6720636f6d70616e792061637469766520696e2061206e756d626572206f66207370656369616c6973656420616e6420636f6d6d6f646974792d74797065207368697070696e67207365676d656e74732e0d0a0d0a546f2070726f7669646520736561676f696e67207472616e73706f72746174696f6e20736572766963657320616e6420656e67696e656572696e67202620737570706f727420736f6c7574696f6e7320746861742069732072656c6961626c652c207375737461696e61626c652c20616e6420636f73742d65666665637469766520616e6420656e61626c6573206f757220637573746f6d65727320746f206265207375636365737366756c2e, 'Operating all ports of West Africa.', 'open', NULL, NULL, 'open', NULL, NULL, 'open', NULL, NULL, 'open', NULL, NULL, 'open', NULL, NULL, 'open', NULL, NULL, NULL, NULL, '0', NULL, NULL, NULL, NULL, '', 2, '', NULL),
(11, 0, 1, 'Daniella Maritime Nigeria Limited', 'daniela.maritme@yahoo.com', NULL, NULL, '2347065855432', '11 B, Queens Barrack Road, Apapa Lagos Nigeria Lagos, Nigeria 23401.', '0', '0', 156, NULL, NULL, 1, NULL, NULL, '2021-03-18 04:54:44', '2021-03-18 04:54:44', 1, '1,2', 'uploads/businessprofileimage/16160432841615614562logo.png', 0x5765206172652061206c656164696e67207368697020737570706c7920636f6d70616e7920696e204e6967657269612e20576520737570706c7920616c6c206b696e6473206f66204d6172696e652065717569706d656e7420616e642061726520726561647920746f20736572766520696e2057657374204166726963612e, 'Operating all ports in Nigeria.', 'open', NULL, NULL, 'open', NULL, NULL, 'open', NULL, NULL, 'open', NULL, NULL, 'open', NULL, NULL, 'open', NULL, NULL, NULL, NULL, '0', NULL, NULL, NULL, NULL, '', 2, '', 'Ship Chandler/Supplier,Marine Equipment Suppliers'),
(12, 0, 1, 'Njord Ship Supply', 'info@njordshipsupply.com,sales@njordshipsupply.com', NULL, NULL, '584245657840', 'Av. 3ra, N ° 278, Urb Villas de Don Bosco, City of Panama, Panama, Postal Code: 0815.', '0', '0', 165, NULL, NULL, 1, NULL, NULL, '2021-03-18 05:23:09', '2021-03-18 05:23:09', 1, '2', 'uploads/businessprofileimage/1616044989Logo-FINAL-PNGpeq.png', 0x4120636f6d70616e7920626f726e206f6620612056656e657a75656c616e2066616d696c792c20696e20323030352c2073696e6365207468656e20616e6420776974682061206c6f74206f66206d7973746971756520616e642064657369726520746f20776f726b2c207765206f66666572206d61726974696d6520736572766963657320746f20636c69656e747320616c6c206f7665722074686520776f726c642e204f75722067726f777468207761732073756368207468617420696e203230313520776520626567616e20746f20657870616e64207769746820636f6d6d65726369616c2c20736f6c696420616e64206576616c756174656420616c6c69616e6365732e20466f72207468697320726561736f6e2c20746f6461792077652063616e206f66666572206f757220736572766963657320696e206d6f7265207468616e203620636f756e74726965732e0d0a0d0a576520617265207365616661726572732c20696e686572697465642066726f6d206f757220706172656e747320666f7220686176696e67206265656e207365616661726572732c20666f72207468697320726561736f6e2c207765206b6e6f772066726f6d2077697468696e20746865206e65656473206f66206f757220636c69656e74732c2077652068617665206578706572742070726f66657373696f6e616c73206561636820696e20746865697220617265612c2066726f6d20456e67696e656572732c20496e73706563746f72732c205370656369616c697374732c2041647669736f727920436865662c20616d6f6e67206f74686572207370656369616c69746965732c207468617420616c6c6f7720757320746f20696d70726f76652074686520736572766963652077652070726f76696465206576657279206461792e, 'Operating all ports in Panama, Colombia, Venezuela, Chile, Argentina, Florida & Caribbean Islands.', 'open', NULL, NULL, 'open', NULL, NULL, 'open', NULL, NULL, 'open', NULL, NULL, 'open', NULL, NULL, 'open', NULL, NULL, NULL, NULL, '0', NULL, NULL, NULL, NULL, 'http://njordshipsupply.com/', 2, '', 'Marine Equipment Suppliers'),
(13, 0, 1, 'Transamerica Ship Suppliers', 'tss@internet.com.uy', NULL, NULL, '59829157440', 'Piedras 530 - Montevideo 11000, Uruguay.', '0', '0', 228, NULL, NULL, 1, NULL, NULL, '2021-03-18 05:29:01', '2021-03-18 05:29:01', 1, '1,2', 'uploads/businessprofileimage/1616045341LOGO-PNG2.png', 0x5472616e73616d6572696361205368697020537570706c6965727320686173206d6f7265207468616e203435207965617273206f6620657870657269656e63652070726f766964696e67206120776964652072616e6765206f6620736572766963657320746f206372756973652073686970732c2067656e6572616c20636172676f2073686970732c2074616e6b6572732c2066697368696e672076657373656c732c2072657365617263682076657373656c732c207363686f6f6c20736869707320616e64206e617679207368697073206f6620646966666572656e74206e6174696f6e616c69746965732072756e6e696e6720696e20557275677561792e, 'We operate in all ports of Uruguay; in Buenos Aires, Argentina; Punta Arenas, Chile and Rio de Janeiro, Brazil.', 'open', NULL, NULL, 'open', NULL, NULL, 'open', NULL, NULL, 'open', NULL, NULL, 'open', NULL, NULL, 'open', NULL, NULL, NULL, NULL, '0', NULL, NULL, NULL, NULL, 'http://www.transamerica.com.uy/', 2, '', 'Ship Chandler/Supplier,Marine Equipment Suppliers'),
(14, 0, 1, 'Markus Lifenet Ltd.', 'sales@markusnet.com', NULL, NULL, '3545651375', 'Gjáhella 13 - 221 Hafnarfjörður - Iceland.', '0', '0', 98, NULL, NULL, 1, NULL, NULL, '2021-03-18 05:36:33', '2021-03-18 05:36:33', 1, '2', 'uploads/businessprofileimage/1616045793Markus-Lifenet-Logo-oaa8uos563ik5h4la0ah5zodz7528i2tnsagr3igmo.png', 0x4d61726b7573204c6966656e6574204c74642e206973207370656369616c6973656420696e2074686520646576656c6f706d656e7420616e64206d616e7566616374757265206f66206d616e206f766572626f617264207265636f766572792070726f64756374732c206d61646520666f7220616c6c207479706573206f6620626f6174732c2073686970732c206f666673686f726520696e7374616c6c6174696f6e732c207175617920617265617320616e642073696d696c6172206c616e642d626173656420776174657273696465732e20576520616c736f2070726f766964652061206372657720747261696e696e672070726f6772616d20616e64206f6e626f61726420696e7370656374696f6e2067756964656c696e65732e0d0a0d0a4f75722067756964656c696e657320616e642070726f6475637473206172652064657369676e656420666f722065787472656d65206d616e206f766572626f6172642072657363756520736974756174696f6e206174207365612c207768656e20746865206d616e206f766572626f6172642063616e20626520657870656374656420746f206265206578686175737465642c20696e2070616e69632c207769746820616e6420776974686f757420612062756c6b79206c6966656a61636b657420616e64206576656e20696e206e656564206f6620612070726f66657373696f6e616c20696e2d77617465722068656c7065722e0d0a0d0a546865204d61726b7573204c6966656e65742070726f64756374732068617665206265656e2074657374656420696e207468652065787472656d6520736974756174696f6e206174207365612061726f756e64204963656c616e6420616e642061726520616c7265616479206f6e206d616e792074686f7573616e642076657373656c732061726f756e642074686520776f726c64206f6620616c6c20747970657320616e642073697a65732e0d0a0d0a506c65617365206665656c206672656520746f20636f6e746163747320757320666f722061647669636520696620796f75206172652064657369676e696e67206f72206275696c64696e6720612076657373656c206f72206120717561792061726561206f72206e65656420746f2061646472657373206d616e2d6f766572626f6172642073616665747920616e6420726573637565206d6174746572732e205765206d6179206861766520746865206b6e6f772d686f7720616e642074686520736f6c7574696f6e20796f75206e6565642e0d0a0d0a4d61726b7573204c6966656e65742070726f647563747320617265206d61646520666f722075736520696e2065787472656d6520736974756174696f6e7320617420736561207768656e206576657279207365636f6e6420636f756e742e, 'Operating worldwide.', 'open', NULL, NULL, 'open', NULL, NULL, 'open', NULL, NULL, 'open', NULL, NULL, 'open', NULL, NULL, 'open', NULL, NULL, NULL, NULL, '0', NULL, NULL, NULL, NULL, 'https://markusnet.com/', 2, '', 'Marine Equipment Suppliers'),
(15, 0, 1, 'NIC Company Limited', 'info@niccompany.com.mt', NULL, NULL, '35621228280,35621228289', '110, Cross Road, Marsa. MRS1543. Malta.', '0', '0', 132, NULL, NULL, 1, NULL, NULL, '2021-03-18 05:46:59', '2021-03-18 05:46:59', 1, '1', 'uploads/businessprofileimage/1616046419nic-malta.png', 0x4e494320436f6d70616e79204c696d69746564206973206f6e65206f6620746865206c656164696e67204d616c74612073686970206368616e646c6572732e2057652061726520636f6e7374616e746c792070757474696e67206f7572206566666f72747320616e64207265736f757263657320696e746f2067756172616e746565696e672061206661737420616e642072656c6961626c6520736572766963652032342f372e0d0a0d0a4e494320436f6d70616e79204c696d69746564206973207072696d6172696c792070726f766964696e67207368697020737570706c6965732e2057652070726f766964652067656e6572616c736869702073746f7265732c2070726f766973696f6e732c20626f6e6465642073746f72657320616e64206d6172696e652073706172652070617274732e20576520616c736f2070726f7669646520656e67696e656572696e6720736572766963657320696e636c7564696e672061666c6f61742072657061697220616e64207265636f6e646974696f6e696e672073657276696365732061732077656c6c20617320537465656c206661627269636174696f6e20616e64207265706169722e204e494320616c736f20697320612070726f7669646572206f6620736869702d73686f726520636f6d6d756e69636174696f6e2073657276696365732e2057652061726520616c7761797320726561647920746f20726573706f6e6420616e6420746865726520746f2068656c702c2077652061726520636f6e7374616e746c7920616464696e672076616c756520736572766963657320746f206f7572206c6f6e67206c6973742c20616e6420736f6d65206f6620746865206c6174657374206f666665727320616464656420617265205769666920616e6420636f6d70757465722073657276696365732e0d0a0d0a42792063686f6f73696e67204e494320436f6d70616e79204c696d6974656420617320796f7572204d616c74612073686970206368616e646c657220796f752077696c6c2062656e656669742066726f6d2061206f6e652d73746f702d73686f7020746861742063617465727320666f7220616c6c20796f757220736869702c20726967206f722076657373656c206e656564732e20204174204e49432c20776520617265206865726520746f2066756c66696c206f757220637573746f6d6572732720726571756972656d656e7473206f72207769736865732c206e6f206d617474657220686f7720736d616c6c206f72206c617267652e205468652073616d65206361726520616e642070726f66657373696f6e616c69736d206172652074616b656e206561636820616e642065766572792074696d652c20616e6420776520756e6465727374616e642074686520696d706f7274616e6365206f662064656c69766572696e6720612066697273742d636c617373207368697020737570706c79207365727669636520696e204d616c74612e, 'Operating all ports in Malta.', 'open', NULL, NULL, 'open', NULL, NULL, 'open', NULL, NULL, 'open', NULL, NULL, 'open', NULL, NULL, 'open', NULL, NULL, NULL, NULL, '0', NULL, NULL, NULL, NULL, 'http://www.niccompany.com.mt/home.html', 2, '', 'Ship Chandler/Supplier'),
(16, 0, 1, 'T.E. Tecnologie per l’Energia s.r.l.', 'info@tesrl.com', NULL, NULL, '390112485166', 'Via Montanaro n° 24, 10154 Torino, ITALY.', '0', '0', 105, NULL, NULL, 1, NULL, NULL, '2021-03-18 05:58:23', '2021-03-18 05:58:23', 1, '2', 'uploads/businessprofileimage/1616047103download.jpg', 0x44696573656c2d656c65637472696320706f77657220706c616e747320696e204974616c7920616e642061726f756e642074686520776f726c640d0a0d0a544553726c20626f6173747320666f727479207965617273206f6620696e7465726e6174696f6e616c20657870657269656e636520696e20746865206669656c64206f6620656c656374726963616c20706f7765722067656e65726174696f6e3a2061207265616c20706f696e74206f66207265666572656e636520666f72206d616e75666163747572696e6720636f6d70616e69657320696e2074686520656e6572677920736563746f7220666f72206f66666572696e6720657863656c6c656e74206c6576656c20736572766963657320696e20746865206669656c64206f662064657369676e2c20746563686e6963616c20617373697374616e636520666f7220706f77657220706c616e7473206c616e6420616e64206e6176616c20656c6563747269632064696573656c2c20666f722047656e65726174696e67205365747320616e64206d6f746f722070756d70732e, 'Operating all ports in Italy.', 'open', NULL, NULL, 'open', NULL, NULL, 'open', NULL, NULL, 'open', NULL, NULL, 'open', NULL, NULL, 'open', NULL, NULL, NULL, NULL, '0', NULL, NULL, NULL, NULL, 'https://www.tesrl.it/', 2, '', 'Marine Equipment Suppliers'),
(17, 0, 1, 'Jacek Marine Engineering', 'jacek@jacekmarine.com', NULL, NULL, '27312064003', '54 Fennis Close Umbilo Durban Kwazulu Natal South Africa 4000.', '0', '0', 197, NULL, NULL, 1, NULL, NULL, '2021-03-18 06:04:05', '2021-03-18 06:04:05', 1, '2', 'uploads/businessprofileimage/1616047445download (1).png', 0x4a4143454b204d4152494e4520454e47494e454552494e4720434320206973206f6e65206f6620536f75746865726e20416672696361e2809973206c656164696e6720636f6d6d65726369616c20616e6420736869702072657061697220636f6d70616e6965732c2070726f766964696e6720636f73742d65666665637469766520736572766963657320616e6420736f6c7574696f6e7320746f20746865206d6172696e6520696e64757374727920776f726c64776964652e2045717569707065642077697468206b657920666163696c697469657320616e64207370656369616c697a656420746563686e6963616c206578706572746973652c20776520686176652074686520636170616369747920746f20756e64657274616b652074686520737065637472756d206f662074686520656e7469726520776f726b206f6620696e2d766f7961676520616e6420706f72742072657061697273206f6e20616c6c207479706573206f662076657373656c732e2054616b652061206c6f6f6b206174206f7572207365727669636573206f66666572656420666f72206d6f726520696e666f726d6174696f6e206f6e206f7572207368697020726570616972696e6720466163696c69746965732e, 'Operating all ports in South Africa', 'open', NULL, NULL, 'open', NULL, NULL, 'open', NULL, NULL, 'open', NULL, NULL, 'open', NULL, NULL, 'open', NULL, NULL, NULL, NULL, '0', NULL, NULL, NULL, NULL, 'https://www.jacekmarine.com/', 2, '', 'Marine Equipment Suppliers'),
(18, 0, 1, 'A.A.B. - SHIPPING AGÊNCIA VIKING, LDA', 'vikingcv@vikingcv..com', NULL, NULL, '2382317118,2382317119', '37, Rua Libertadores de Africa – POBOX-448, – Mindelo City, Cape Verde.', '0', '0', 39, NULL, NULL, 1, NULL, NULL, '2021-03-18 06:10:20', '2021-03-18 06:10:20', 1, '1', 'uploads/businessprofileimage/1616047820shipping-agencia-viking6.jpg', 0x57697468206f757220657870657269656e636520696e20737570706c79696e672070726f766973696f6e732c2077652067756172616e7465652068696768207175616c69747920616e6420656666696369656e6379206e6f74206f6e6c79206f66206f7572204368616e646c65722073657276696365732062757420616c736f206f662065616368206974656d20776520737570706c792e20576520776f726b20746f206d65657420796f757220726571756972656d656e747320616e6420796f7572206275646765742077697468207175616c6974792073686970206368616e646c657220736572766963657320696e20616c6c20506f727473206f6620436170652056657264652049736c616e64732e0d0a0d0a57652061726520707265706172656420746f20737570706c792046726573682057617465722c204672756974732c204669736820616e642047726f63657269657320746f20736869707320746861742064656d616e6420737563682c20696e20726571756972656420616476616e63652e20466f7220736d616c6c207175616e7469746965732c207765207265717569726520343820776f726b696e6720686f757273206f6e6c792c2062757420666f722068756765207175616e7469746965732c207765206e656564206174206c65617374203135206461797320696e20616476616e636520746f2067697665206f7572204578706f72742f496d706f727420636f6d70616e792074696d6520656e6f75676820746f20696d706f727420746865206c69737465642070726f64756374732066726f6d204575726f706520696e2074696d6520666f7220612074696d656c792064656c69766572792e, 'We operate in all ports of Cape Verde:\r\n\r\nMain Port of Porto Grande – Mindelo City – Island of São Vicente\r\nMain Port of Praia – Island of Santiago\r\nMain Port of Porto Novo – Island of Santo Antão\r\nPort of Palmeiras – Island of Sal\r\nPort of Vale dos Cavaleiros – Island of Fogo\r\nPort of Sal Rey – Island of Boa Vista\r\nPort of Porto Inglês – Island of Maio', 'open', NULL, NULL, 'open', NULL, NULL, 'open', NULL, NULL, 'open', NULL, NULL, 'open', NULL, NULL, 'open', NULL, NULL, NULL, NULL, '0', NULL, NULL, NULL, NULL, 'https://www.vikingcv.com/', 2, '', 'Ship Chandler/Supplier'),
(19, 68, NULL, 'saad', '[bhtai@gmail.com, saad@gmail.com, , , , ]', NULL, NULL, NULL, 'vhgvhgj', '0', '0', NULL, NULL, NULL, 0, NULL, NULL, '2021-03-18 09:10:39', '2021-03-18 09:10:39', 0, NULL, NULL, NULL, NULL, NULL, NULL, NULL, NULL, NULL, NULL, NULL, NULL, NULL, NULL, NULL, NULL, NULL, NULL, NULL, NULL, NULL, NULL, NULL, NULL, NULL, NULL, NULL, NULL, NULL, NULL, 2, NULL, NULL),
(20, 68, NULL, 'saaddc', '[bhatissad@gmail.com, , , , , ]', '[ 54 15165465,  54 5154654,  ,  ,  ,  ]', NULL, '[ 244 -323232-32-2-,  ,  ,  ,  ,  ]', 'sdcd', '0', '0', NULL, NULL, NULL, 0, NULL, NULL, '2021-03-18 09:16:46', '2021-03-18 09:16:46', 0, NULL, NULL, NULL, NULL, NULL, NULL, NULL, NULL, NULL, NULL, NULL, NULL, NULL, NULL, NULL, NULL, NULL, NULL, NULL, NULL, NULL, NULL, NULL, NULL, NULL, NULL, NULL, NULL, '[efwefewfwfwe, cwcwecw, , , , ]', NULL, 2, NULL, NULL),
(21, 68, NULL, 'fefewf', '[saadbhati@gmail.com, , , , , ]', '[ 154651465464646464685,  ,  ,  ,  ,  ]', NULL, '[ 672 51551351654654,  374 4\\565465465,  ,  ,  ,  ]', 'weefwef', '0', '0', NULL, NULL, NULL, 0, NULL, NULL, '2021-03-18 09:24:05', '2021-03-18 09:24:05', 0, NULL, NULL, 0x6d79206e616d65, 'indian', NULL, NULL, NULL, NULL, NULL, NULL, NULL, NULL, NULL, NULL, NULL, NULL, NULL, NULL, NULL, NULL, NULL, NULL, NULL, NULL, NULL, NULL, NULL, NULL, '[fwefewf, eefwefewfw, ewfewfewf, , , ]', NULL, 2, NULL, NULL),
(22, 68, NULL, 'saad', '[saadbhati@gmail.com, bhati@gmail.com, bhai1002, , , ]', '[ 374 23325655,  43 321456987,  297 2031456987,  ,  ,  ]', NULL, '[ 374 231456987,  61 22465569665,  ,  ,  ,  ]', 'sikar', '0', '0', NULL, NULL, NULL, 0, NULL, NULL, '2021-03-18 09:35:53', '2021-03-18 09:35:53', 0, NULL, NULL, 0x66736673666665776677, 'sdasdasdasdad', NULL, NULL, NULL, NULL, NULL, NULL, NULL, NULL, NULL, NULL, NULL, NULL, NULL, NULL, NULL, NULL, NULL, NULL, NULL, NULL, NULL, NULL, NULL, NULL, '[efewfwefwfefvdsv, I am a flutter developer, saad, , , ]', NULL, 2, NULL, NULL);

-- --------------------------------------------------------

--
-- Table structure for table `business_image`
--

CREATE TABLE `business_image` (
  `id` int(11) NOT NULL,
  `business_id` int(11) NOT NULL,
  `image` varchar(255) COLLATE utf8_unicode_ci NOT NULL,
  `created_at` timestamp NULL DEFAULT NULL,
  `updated_at` timestamp NULL DEFAULT NULL
) ENGINE=InnoDB DEFAULT CHARSET=utf8 COLLATE=utf8_unicode_ci;

--
-- Dumping data for table `business_image`
--

INSERT INTO `business_image` (`id`, `business_id`, `image`, `created_at`, `updated_at`) VALUES
(1, 1, 'uploads/businessimage/1615956516businesimg3.jpg', '2021-03-17 04:48:36', '2021-03-17 04:48:36'),
(2, 1, 'uploads/businessimage/1615956516businessimg2.jpg', '2021-03-17 04:48:36', '2021-03-17 04:48:36'),
(3, 1, 'uploads/businessimage/1615956516businessimg.jpg', '2021-03-17 04:48:36', '2021-03-17 04:48:36'),
(4, 2, 'uploads/businessimage/1615957107chandler banner.jpg', '2021-03-17 04:58:27', '2021-03-17 04:58:27'),
(5, 2, 'uploads/businessimage/1615957107chandler.jpg', '2021-03-17 04:58:27', '2021-03-17 04:58:27'),
(6, 3, 'uploads/businessimage/1615988783chandler banner.jpg', '2021-03-17 13:46:23', '2021-03-17 13:46:23'),
(7, 3, 'uploads/businessimage/1615988783businesimg3.jpg', '2021-03-17 13:46:23', '2021-03-17 13:46:23'),
(8, 3, 'uploads/businessimage/1615988783businessimg2.jpg', '2021-03-17 13:46:23', '2021-03-17 13:46:23'),
(9, 3, 'uploads/businessimage/1615988783businessimg.jpg', '2021-03-17 13:46:23', '2021-03-17 13:46:23'),
(10, 4, 'uploads/businessimage/1615988785chandler banner.jpg', '2021-03-17 13:46:25', '2021-03-17 13:46:25'),
(11, 4, 'uploads/businessimage/1615988785businesimg3.jpg', '2021-03-17 13:46:25', '2021-03-17 13:46:25'),
(12, 4, 'uploads/businessimage/1615988785businessimg2.jpg', '2021-03-17 13:46:25', '2021-03-17 13:46:25'),
(13, 4, 'uploads/businessimage/1615988785businessimg.jpg', '2021-03-17 13:46:25', '2021-03-17 13:46:25'),
(14, 8, 'uploads/businessimage/1616042520Fidebose Advert.pdf', '2021-03-18 04:42:00', '2021-03-18 04:42:00'),
(15, 16, 'uploads/businessimage/1616047103download (1).jpg', '2021-03-18 05:58:23', '2021-03-18 05:58:23');

-- --------------------------------------------------------

--
-- Table structure for table `business_ratings`
--

CREATE TABLE `business_ratings` (
  `rating_id` int(11) NOT NULL,
  `user_id` int(11) NOT NULL DEFAULT '0',
  `comment` varchar(255) COLLATE utf8_unicode_ci NOT NULL,
  `rating_number` double NOT NULL,
  `created_at` datetime NOT NULL,
  `business_id` int(11) NOT NULL DEFAULT '0',
  `updated_at` timestamp NULL DEFAULT NULL
) ENGINE=InnoDB DEFAULT CHARSET=utf8 COLLATE=utf8_unicode_ci;

--
-- Dumping data for table `business_ratings`
--

INSERT INTO `business_ratings` (`rating_id`, `user_id`, `comment`, `rating_number`, `created_at`, `business_id`, `updated_at`) VALUES
(1, 61, 'dssacsfdewsfewfw', 5, '2021-03-17 05:15:59', 1, '2021-03-17 05:15:59'),
(2, 46, 'trgtgtgrtg', 5, '2021-03-17 10:41:53', 2, '2021-03-17 10:41:53');

-- --------------------------------------------------------

--
-- Table structure for table `business_request`
--

CREATE TABLE `business_request` (
  `request_id` int(11) NOT NULL,
  `title` varchar(255) COLLATE utf8_unicode_ci DEFAULT NULL,
  `user_id` int(11) NOT NULL DEFAULT '0',
  `business_id` int(11) NOT NULL DEFAULT '0',
  `message` text COLLATE utf8_unicode_ci NOT NULL,
  `updated_at` timestamp NULL DEFAULT NULL,
  `created_at` datetime NOT NULL
) ENGINE=InnoDB DEFAULT CHARSET=utf8 COLLATE=utf8_unicode_ci;

-- --------------------------------------------------------

--
-- Table structure for table `business_staff`
--

CREATE TABLE `business_staff` (
  `id` int(11) NOT NULL,
  `business_id` int(11) DEFAULT NULL,
  `staff_name` varchar(255) COLLATE utf8_unicode_ci DEFAULT NULL,
  `staff_job_title` longtext COLLATE utf8_unicode_ci,
  `staff_email` varchar(255) COLLATE utf8_unicode_ci DEFAULT NULL,
  `staff_mobile` varchar(255) COLLATE utf8_unicode_ci DEFAULT NULL,
  `staff_skype` varchar(255) COLLATE utf8_unicode_ci DEFAULT NULL,
  `staff_about` text COLLATE utf8_unicode_ci,
  `profile` varchar(255) COLLATE utf8_unicode_ci DEFAULT NULL,
  `created_at` timestamp NULL DEFAULT NULL,
  `updated_at` timestamp NULL DEFAULT NULL
) ENGINE=InnoDB DEFAULT CHARSET=utf8 COLLATE=utf8_unicode_ci;

--
-- Dumping data for table `business_staff`
--

INSERT INTO `business_staff` (`id`, `business_id`, `staff_name`, `staff_job_title`, `staff_email`, `staff_mobile`, `staff_skype`, `staff_about`, `profile`, `created_at`, `updated_at`) VALUES
(1, 1, 'David', 'Accountant', 'david@gmail.com', '96352819645', '852dfg52dfg852trtgf', 'In publishing and graphic design, Lorem ipsum is a placeholder text commonly used to demonstrate the visual form of a document or a typeface without relying on meaningful content. Lorem ipsum may be used as a placeholder before final copy is available', 'uploads/business_staffProfile/1615956516user.jpg', '2021-03-17 04:48:36', '2021-03-17 04:48:36'),
(2, 1, 'John', 'Sales Manager', 'john', '96596969696', '96f96fgd96fg96f', 'In publishing and graphic design, Lorem ipsum is a placeholder text commonly used to demonstrate the visual form of a document or a typeface without relying on meaningful content. Lorem ipsum may be used as a placeholder before final copy is available', 'uploads/business_staffProfile/1615956516user.jpg', '2021-03-17 04:48:36', '2021-03-17 04:48:36'),
(3, 2, 'Sufiyan', 'Sales Executive', 'qureshisufiyan778@gmail.com', '96385274182963', '96sdf3ff9d6asf39df6g', 'In publishing and graphic design, Lorem ipsum is a placeholder text commonly used to demonstrate the visual form of a document or a typeface without relying on meaningful content. Lorem ipsum may be used as a placeholder before final copy is available', 'uploads/business_staffProfile/1615957107user.jpg', '2021-03-17 04:58:27', '2021-03-17 04:58:27'),
(4, 2, 'Saif', 'Associative', 'Saif@gmail.com', '9638527418', '96dsfgg96df3ds9f6g3', 'Contact Supplier Request a quote. More Service Providers of Ship Chandler. View Mobile Number. Viking Marine Trade Links. Naitik Complex 2nd Floor, ...', 'uploads/business_staffProfile/1615957107user.jpg', '2021-03-17 04:58:27', '2021-03-17 04:58:27'),
(5, 3, 'cDsxCd', 'dagdfg', 'sohaibtanwar27@gmail.com', '09649425709', 'dfgawddfg', 'readable content of a page when looking at its layout. The point of using Lorem Ipsum is that it has a more-or-less normal distribution of letters, as opposed to using \'Content here, content here\', making it look like readable English. Many desktop publishing packages and web page editors now use Lorem Ipsum as their default model text, and a search for \'lorem ipsum\' will uncover many web sites still in their infancy. Various', 'uploads/business_staffProfile/1615988783businessimg2.jpg', '2021-03-17 13:46:23', '2021-03-17 13:46:23'),
(6, 3, 'dfgdfag', 'final@gg.com', 'sohaibtanwar27@gmail.com', '09649425709', 'dfgfdg', 'readable content of a page when looking at its layout. The point of using Lorem Ipsum is that it has a more-or-less normal distribution of letters, as opposed to using \'Content here, content here\', making it look like readable English. Many desktop publishing packages and web page editors now use Lorem Ipsum as their default model text, and a search for \'lorem ipsum\' will uncover many web sites still in their infancy. Various', 'uploads/business_staffProfile/1615988783marine banner.jpg', '2021-03-17 13:46:23', '2021-03-17 13:46:23'),
(7, 3, NULL, NULL, NULL, NULL, NULL, NULL, 'uploads/business_staffProfile/1615988783marine banner.jpg', '2021-03-17 13:46:23', '2021-03-17 13:46:23'),
(8, 3, NULL, NULL, NULL, NULL, NULL, NULL, 'uploads/business_staffProfile/1615988783marine banner.jpg', '2021-03-17 13:46:23', '2021-03-17 13:46:23'),
(9, 3, NULL, NULL, NULL, NULL, NULL, NULL, 'uploads/business_staffProfile/1615988783marine banner.jpg', '2021-03-17 13:46:23', '2021-03-17 13:46:23'),
(10, 4, 'cDsxCd', 'dagdfg', 'sohaibtanwar27@gmail.com', '09649425709', 'dfgawddfg', 'readable content of a page when looking at its layout. The point of using Lorem Ipsum is that it has a more-or-less normal distribution of letters, as opposed to using \'Content here, content here\', making it look like readable English. Many desktop publishing packages and web page editors now use Lorem Ipsum as their default model text, and a search for \'lorem ipsum\' will uncover many web sites still in their infancy. Various', 'uploads/business_staffProfile/1615988785businessimg2.jpg', '2021-03-17 13:46:25', '2021-03-17 13:46:25'),
(11, 4, 'dfgdfag', 'final@gg.com', 'sohaibtanwar27@gmail.com', '09649425709', 'dfgfdg', 'readable content of a page when looking at its layout. The point of using Lorem Ipsum is that it has a more-or-less normal distribution of letters, as opposed to using \'Content here, content here\', making it look like readable English. Many desktop publishing packages and web page editors now use Lorem Ipsum as their default model text, and a search for \'lorem ipsum\' will uncover many web sites still in their infancy. Various', 'uploads/business_staffProfile/1615988785marine banner.jpg', '2021-03-17 13:46:25', '2021-03-17 13:46:25'),
(12, 4, NULL, NULL, NULL, NULL, NULL, NULL, 'uploads/business_staffProfile/1615988785marine banner.jpg', '2021-03-17 13:46:25', '2021-03-17 13:46:25'),
(13, 4, NULL, NULL, NULL, NULL, NULL, NULL, 'uploads/business_staffProfile/1615988785marine banner.jpg', '2021-03-17 13:46:25', '2021-03-17 13:46:25'),
(14, 4, NULL, NULL, NULL, NULL, NULL, NULL, 'uploads/business_staffProfile/1615988785marine banner.jpg', '2021-03-17 13:46:25', '2021-03-17 13:46:25'),
(15, 8, 'Ebosele O. Fidelis', 'Managing Director', 'fidebose@yahoo.com', '+234 803 581 9494', NULL, NULL, '', '2021-03-18 04:42:00', '2021-03-18 04:42:00'),
(16, 9, 'Roseline Walter', 'General Manager', 'info@atlamart.com', '+234 805 621 5264', NULL, NULL, '', '2021-03-18 04:45:39', '2021-03-18 04:45:39'),
(18, 11, 'Fabian Ebosele', 'Managing Director', 'daniela.maritme@yahoo.com', '+234 706 585 5432', NULL, NULL, '', '2021-03-18 04:54:44', '2021-03-18 04:54:44'),
(19, 12, 'Josue Gonzalez', 'Managing Director', 'salesnjordsupply@gmail.com', '+58 424 565 7840', NULL, NULL, '', '2021-03-18 05:23:09', '2021-03-18 05:23:09'),
(20, 13, 'Victor Schmidt Schutz', 'Managing Director', 'tss@internet.com.uy', NULL, NULL, NULL, '', '2021-03-18 05:29:01', '2021-03-18 05:29:01'),
(21, 14, 'Petur Th. Petursson', 'Managing Director', 'pthp@simnet.is', '+354 864 1376', NULL, NULL, '', '2021-03-18 05:36:33', '2021-03-18 05:36:33'),
(22, 14, 'Rakel Ýr Pétursdóttir', 'Assistant Manager', 'rakel@markusnet.com', '-1', NULL, NULL, '', '2021-03-18 05:36:33', '2021-03-18 05:36:33'),
(23, 15, 'Frankie Buhagiar', 'Managing Director', 'frankie@niccompany.com.mt', '+356 7949 9818', NULL, NULL, '', '2021-03-18 05:46:59', '2021-03-18 05:46:59'),
(24, 16, 'Elio Tessitore', 'CEO & Founder', 'info@tesrl.com', '+39 335 608 2248', NULL, NULL, '', '2021-03-18 05:58:23', '2021-03-18 05:58:23'),
(25, 17, 'Jacek Golebiewski', 'Managing Director', 'jacekmarine@telkomsa.net', '+27 82 468 2957', NULL, NULL, '', '2021-03-18 06:04:05', '2021-03-18 06:04:05'),
(26, 18, 'Valdemiro Ferreira', 'Managing Director', 'vikingcv@vikingcv..com', '+238 991 2053', NULL, NULL, '', '2021-03-18 06:10:20', '2021-03-18 06:10:20'),
(27, 10, NULL, NULL, NULL, NULL, NULL, NULL, '', '2021-03-18 07:02:07', '2021-03-18 07:02:07');

-- --------------------------------------------------------

--
-- Table structure for table `business_video`
--

CREATE TABLE `business_video` (
  `id` int(11) NOT NULL,
  `business_id` int(11) NOT NULL,
  `video` varchar(255) COLLATE utf8_unicode_ci DEFAULT NULL,
  `created_at` timestamp NULL DEFAULT NULL,
  `updated_at` timestamp NULL DEFAULT NULL
) ENGINE=InnoDB DEFAULT CHARSET=utf8 COLLATE=utf8_unicode_ci;

--
-- Dumping data for table `business_video`
--

INSERT INTO `business_video` (`id`, `business_id`, `video`, `created_at`, `updated_at`) VALUES
(1, 1, 'https://www.youtube.com/watch?v=4u-KcdSUt_4', '2021-03-17 04:48:36', '2021-03-17 04:48:36'),
(2, 1, 'https://www.youtube.com/watch?v=4u-KcdSUt_4', '2021-03-17 04:48:36', '2021-03-17 04:48:36'),
(3, 2, 'https://www.youtube.com/watch?v=4u-KcdSUt_4', '2021-03-17 04:58:27', '2021-03-17 04:58:27'),
(4, 2, 'https://www.youtube.com/watch?v=4u-KcdSUt_4', '2021-03-17 04:58:27', '2021-03-17 04:58:27'),
(5, 3, 'https://www.youtube.com/', '2021-03-17 13:46:23', '2021-03-17 13:46:23'),
(6, 3, 'https://www.youtube.com/', '2021-03-17 13:46:23', '2021-03-17 13:46:23'),
(7, 4, 'https://www.youtube.com/', '2021-03-17 13:46:25', '2021-03-17 13:46:25'),
(8, 4, 'https://www.youtube.com/', '2021-03-17 13:46:25', '2021-03-17 13:46:25'),
(9, 8, NULL, '2021-03-18 04:42:00', '2021-03-18 04:42:00'),
(10, 9, NULL, '2021-03-18 04:45:39', '2021-03-18 04:45:39'),
(12, 11, NULL, '2021-03-18 04:54:44', '2021-03-18 04:54:44'),
(13, 12, NULL, '2021-03-18 05:23:09', '2021-03-18 05:23:09'),
(14, 13, NULL, '2021-03-18 05:29:01', '2021-03-18 05:29:01'),
(15, 14, NULL, '2021-03-18 05:36:33', '2021-03-18 05:36:33'),
(16, 15, NULL, '2021-03-18 05:46:59', '2021-03-18 05:46:59'),
(17, 16, NULL, '2021-03-18 05:58:23', '2021-03-18 05:58:23'),
(18, 17, NULL, '2021-03-18 06:04:05', '2021-03-18 06:04:05'),
(19, 18, NULL, '2021-03-18 06:10:20', '2021-03-18 06:10:20'),
(20, 10, NULL, '2021-03-18 07:02:07', '2021-03-18 07:02:07');

-- --------------------------------------------------------

--
-- Table structure for table `category`
--

CREATE TABLE `category` (
  `id` int(11) NOT NULL,
  `name` varchar(255) COLLATE utf8_unicode_ci DEFAULT NULL,
  `description` text COLLATE utf8_unicode_ci,
  `icon` text COLLATE utf8_unicode_ci,
  `created_at` timestamp NULL DEFAULT NULL ON UPDATE CURRENT_TIMESTAMP,
  `updated_at` timestamp NULL DEFAULT NULL,
  `order_id` int(11) DEFAULT NULL
) ENGINE=InnoDB DEFAULT CHARSET=utf8 COLLATE=utf8_unicode_ci;

--
-- Dumping data for table `category`
--

INSERT INTO `category` (`id`, `name`, `description`, `icon`, `created_at`, `updated_at`, `order_id`) VALUES
(1, 'Ship Chandler/Supplier', 'Ship Chandler/Supplier', 'uploads/category/1615955677chandler.jpg', '2021-03-17 04:34:37', '2021-03-17 04:34:37', NULL),
(2, 'Marine Equipment Suppliers', 'Marine Equipment Suppliers', 'uploads/category/1615955715marine.jpg', '2021-03-17 04:35:15', '2021-03-17 04:35:15', NULL);

-- --------------------------------------------------------

--
-- Table structure for table `country`
--

CREATE TABLE `country` (
  `id` int(11) NOT NULL,
  `iso` char(2) NOT NULL,
  `name` varchar(80) NOT NULL,
  `nicename` varchar(80) NOT NULL,
  `iso3` char(3) DEFAULT NULL,
  `numcode` smallint(6) DEFAULT NULL,
  `phonecode` int(5) NOT NULL
) ENGINE=MyISAM DEFAULT CHARSET=latin1;

--
-- Dumping data for table `country`
--

INSERT INTO `country` (`id`, `iso`, `name`, `nicename`, `iso3`, `numcode`, `phonecode`) VALUES
(1, 'AF', 'AFGHANISTAN', 'Afghanistan', 'AFG', 4, 93),
(2, 'AL', 'ALBANIA', 'Albania', 'ALB', 8, 355),
(3, 'DZ', 'ALGERIA', 'Algeria', 'DZA', 12, 213),
(4, 'AS', 'AMERICAN SAMOA', 'American Samoa', 'ASM', 16, 1684),
(5, 'AD', 'ANDORRA', 'Andorra', 'AND', 20, 376),
(6, 'AO', 'ANGOLA', 'Angola', 'AGO', 24, 244),
(7, 'AI', 'ANGUILLA', 'Anguilla', 'AIA', 660, 1264),
(9, 'AG', 'ANTIGUA AND BARBUDA', 'Antigua and Barbuda', 'ATG', 28, 1268),
(10, 'AR', 'ARGENTINA', 'Argentina', 'ARG', 32, 54),
(12, 'AW', 'ARUBA', 'Aruba', 'ABW', 533, 297),
(13, 'AU', 'AUSTRALIA', 'Australia', 'AUS', 36, 61),
(14, 'AT', 'AUSTRIA', 'Austria', 'AUT', 40, 43),
(15, 'AZ', 'AZERBAIJAN', 'Azerbaijan', 'AZE', 31, 994),
(16, 'BS', 'BAHAMAS', 'Bahamas', 'BHS', 44, 1242),
(17, 'BH', 'BAHRAIN', 'Bahrain', 'BHR', 48, 973),
(18, 'BD', 'BANGLADESH', 'Bangladesh', 'BGD', 50, 880),
(19, 'BB', 'BARBADOS', 'Barbados', 'BRB', 52, 1246),
(20, 'BY', 'BELARUS', 'Belarus', 'BLR', 112, 375),
(21, 'BE', 'BELGIUM', 'Belgium', 'BEL', 56, 32),
(22, 'BZ', 'BELIZE', 'Belize', 'BLZ', 84, 501),
(23, 'BJ', 'BENIN', 'Benin', 'BEN', 204, 229),
(24, 'BM', 'BERMUDA', 'Bermuda', 'BMU', 60, 1441),
(26, 'BO', 'BOLIVIA', 'Bolivia', 'BOL', 68, 591),
(28, 'BW', 'BOTSWANA', 'Botswana', 'BWA', 72, 267),
(30, 'BR', 'BRAZIL', 'Brazil', 'BRA', 76, 55),
(32, 'BN', 'BRUNEI DARUSSALAM', 'Brunei Darussalam', 'BRN', 96, 673),
(33, 'BG', 'BULGARIA', 'Bulgaria', 'BGR', 100, 359),
(35, 'BI', 'BURUNDI', 'Burundi', 'BDI', 108, 257),
(36, 'KH', 'CAMBODIA', 'Cambodia', 'KHM', 116, 855),
(37, 'CM', 'CAMEROON', 'Cameroon', 'CMR', 120, 237),
(38, 'CA', 'CANADA', 'Canada', 'CAN', 124, 1),
(39, 'CV', 'CAPE VERDE', 'Cape Verde', 'CPV', 132, 238),
(40, 'KY', 'CAYMAN ISLANDS', 'Cayman Islands', 'CYM', 136, 1345),
(43, 'CL', 'CHILE', 'Chile', 'CHL', 152, 56),
(44, 'CN', 'CHINA', 'China', 'CHN', 156, 86),
(47, 'CO', 'COLOMBIA', 'Colombia', 'COL', 170, 57),
(49, 'CG', 'CONGO', 'Congo', 'COG', 178, 242),
(51, 'CK', 'COOK ISLANDS', 'Cook Islands', 'COK', 184, 682),
(52, 'CR', 'COSTA RICA', 'Costa Rica', 'CRI', 188, 506),
(53, 'CI', 'COTE D\'IVOIRE', 'Cote D\'Ivoire', 'CIV', 384, 225),
(54, 'HR', 'CROATIA', 'Croatia', 'HRV', 191, 385),
(55, 'CU', 'CUBA', 'Cuba', 'CUB', 192, 53),
(56, 'CY', 'CYPRUS', 'Cyprus', 'CYP', 196, 357),
(57, 'CZ', 'CZECH REPUBLIC', 'Czech Republic', 'CZE', 203, 420),
(58, 'DK', 'DENMARK', 'Denmark', 'DNK', 208, 45),
(59, 'DJ', 'DJIBOUTI', 'Djibouti', 'DJI', 262, 253),
(60, 'DM', 'DOMINICA', 'Dominica', 'DMA', 212, 1767),
(61, 'DO', 'DOMINICAN REPUBLIC', 'Dominican Republic', 'DOM', 214, 1809),
(62, 'EC', 'ECUADOR', 'Ecuador', 'ECU', 218, 593),
(63, 'EG', 'EGYPT', 'Egypt', 'EGY', 818, 20),
(64, 'SV', 'EL SALVADOR', 'El Salvador', 'SLV', 222, 503),
(65, 'GQ', 'EQUATORIAL GUINEA', 'Equatorial Guinea', 'GNQ', 226, 240),
(67, 'EE', 'ESTONIA', 'Estonia', 'EST', 233, 372),
(68, 'ET', 'ETHIOPIA', 'Ethiopia', 'ETH', 231, 251),
(70, 'FO', 'FAROE ISLANDS', 'Faroe Islands', 'FRO', 234, 298),
(71, 'FJ', 'FIJI', 'Fiji', 'FJI', 242, 679),
(72, 'FI', 'FINLAND', 'Finland', 'FIN', 246, 358),
(73, 'FR', 'FRANCE', 'France', 'FRA', 250, 33),
(75, 'PF', 'FRENCH POLYNESIA', 'French Polynesia', 'PYF', 258, 689),
(77, 'GA', 'GABON', 'Gabon', 'GAB', 266, 241),
(78, 'GM', 'GAMBIA', 'Gambia', 'GMB', 270, 220),
(79, 'GE', 'GEORGIA', 'Georgia', 'GEO', 268, 995),
(80, 'DE', 'GERMANY', 'Germany', 'DEU', 276, 49),
(81, 'GH', 'GHANA', 'Ghana', 'GHA', 288, 233),
(82, 'GI', 'GIBRALTAR', 'Gibraltar', 'GIB', 292, 350),
(83, 'GR', 'GREECE', 'Greece', 'GRC', 300, 30),
(85, 'GD', 'GRENADA', 'Grenada', 'GRD', 308, 1473),
(86, 'GP', 'GUADELOUPE', 'Guadeloupe', 'GLP', 312, 590),
(88, 'GT', 'GUATEMALA', 'Guatemala', 'GTM', 320, 502),
(89, 'GN', 'GUINEA', 'Guinea', 'GIN', 324, 224),
(91, 'GY', 'GUYANA', 'Guyana', 'GUY', 328, 592),
(92, 'HT', 'HAITI', 'Haiti', 'HTI', 332, 509),
(95, 'HN', 'HONDURAS', 'Honduras', 'HND', 340, 504),
(96, 'HK', 'HONG KONG', 'Hong Kong', 'HKG', 344, 852),
(97, 'HU', 'HUNGARY', 'Hungary', 'HUN', 348, 36),
(98, 'IS', 'ICELAND', 'Iceland', 'ISL', 352, 354),
(99, 'IN', 'INDIA', 'India', 'IND', 356, 91),
(100, 'ID', 'INDONESIA', 'Indonesia', 'IDN', 360, 62),
(101, 'IR', 'IRAN', 'Iran', 'IRN', 364, 98),
(102, 'IQ', 'IRAQ', 'Iraq', 'IRQ', 368, 964),
(103, 'IE', 'IRELAND', 'Ireland', 'IRL', 372, 353),
(104, 'IL', 'ISRAEL', 'Israel', 'ISR', 376, 972),
(105, 'IT', 'ITALY', 'Italy', 'ITA', 380, 39),
(106, 'JM', 'JAMAICA', 'Jamaica', 'JAM', 388, 1876),
(107, 'JP', 'JAPAN', 'Japan', 'JPN', 392, 81),
(108, 'JO', 'JORDAN', 'Jordan', 'JOR', 400, 962),
(109, 'KZ', 'KAZAKHSTAN', 'Kazakhstan', 'KAZ', 398, 7),
(110, 'KE', 'KENYA', 'Kenya', 'KEN', 404, 254),
(111, 'KI', 'KIRIBATI', 'Kiribati', 'KIR', 296, 686),
(112, 'KP', 'KOREA', 'Korea', 'PRK', 408, 850),
(114, 'KW', 'KUWAIT', 'Kuwait', 'KWT', 414, 965),
(117, 'LV', 'LATVIA', 'Latvia', 'LVA', 428, 371),
(118, 'LB', 'LEBANON', 'Lebanon', 'LBN', 422, 961),
(120, 'LR', 'LIBERIA', 'Liberia', 'LBR', 430, 231),
(121, 'LY', 'LIBYA', 'Libya', 'LBY', 434, 218),
(123, 'LT', 'LITHUANIA', 'Lithuania', 'LTU', 440, 370),
(124, 'LU', 'LUXEMBOURG', 'Luxembourg', 'LUX', 442, 352),
(127, 'MG', 'MADAGASCAR', 'Madagascar', 'MDG', 450, 261),
(129, 'MY', 'MALAYSIA', 'Malaysia', 'MYS', 458, 60),
(130, 'MV', 'MALDIVES', 'Maldives', 'MDV', 462, 960),
(132, 'MT', 'MALTA', 'Malta', 'MLT', 470, 356),
(133, 'MH', 'MARSHALL ISLANDS', 'Marshall Islands', 'MHL', 584, 692),
(134, 'MQ', 'MARTINIQUE', 'Martinique', 'MTQ', 474, 596),
(135, 'MR', 'MAURITANIA', 'Mauritania', 'MRT', 478, 222),
(136, 'MU', 'MAURITIUS', 'Mauritius', 'MUS', 480, 230),
(138, 'MX', 'MEXICO', 'Mexico', 'MEX', 484, 52),
(139, 'FM', 'MICRONESIA', 'Micronesia', 'FSM', 583, 691),
(141, 'MC', 'MONACO', 'Monaco', 'MCO', 492, 377),
(143, 'MS', 'MONTSERRAT', 'Montserrat', 'MSR', 500, 1664),
(144, 'MA', 'MOROCCO', 'Morocco', 'MAR', 504, 212),
(145, 'MZ', 'MOZAMBIQUE', 'Mozambique', 'MOZ', 508, 258),
(146, 'MM', 'MYANMAR', 'Myanmar', 'MMR', 104, 95),
(147, 'NA', 'NAMIBIA', 'Namibia', 'NAM', 516, 264),
(150, 'NL', 'NETHERLANDS', 'Netherlands', 'NLD', 528, 31),
(151, 'AN', 'NETHERLANDS ANTILLES', 'Netherlands Antilles', 'ANT', 530, 599),
(152, 'NC', 'NEW CALEDONIA', 'New Caledonia', 'NCL', 540, 687),
(153, 'NZ', 'NEW ZEALAND', 'New Zealand', 'NZL', 554, 64),
(154, 'NI', 'NICARAGUA', 'Nicaragua', 'NIC', 558, 505),
(155, 'NE', 'NIGER', 'Niger', 'NER', 562, 227),
(156, 'NG', 'NIGERIA', 'Nigeria', 'NGA', 566, 234),
(160, 'NO', 'NORWAY', 'Norway', 'NOR', 578, 47),
(161, 'OM', 'OMAN', 'Oman', 'OMN', 512, 968),
(162, 'PK', 'PAKISTAN', 'Pakistan', 'PAK', 586, 92),
(165, 'PA', 'PANAMA', 'Panama', 'PAN', 591, 507),
(166, 'PG', 'PAPUA NEW GUINEA', 'Papua New Guinea', 'PNG', 598, 675),
(167, 'PY', 'PARAGUAY', 'Paraguay', 'PRY', 600, 595),
(168, 'PE', 'PERU', 'Peru', 'PER', 604, 51),
(169, 'PH', 'PHILIPPINES', 'Philippines', 'PHL', 608, 63),
(171, 'PL', 'POLAND', 'Poland', 'POL', 616, 48),
(172, 'PT', 'PORTUGAL', 'Portugal', 'PRT', 620, 351),
(173, 'PR', 'PUERTO RICO', 'Puerto Rico', 'PRI', 630, 1787),
(174, 'QA', 'QATAR', 'Qatar', 'QAT', 634, 974),
(175, 'RE', 'REUNION', 'Reunion', 'REU', 638, 262),
(176, 'RO', 'ROMANIA', 'Romania', 'ROM', 642, 40),
(177, 'RU', 'RUSSIAN FEDERATION', 'Russian Federation', 'RUS', 643, 70),
(178, 'RW', 'RWANDA', 'Rwanda', 'RWA', 646, 250),
(180, 'KN', 'SAINT KITTS AND NEVIS', 'Saint Kitts and Nevis', 'KNA', 659, 1869),
(181, 'LC', 'SAINT LUCIA', 'Saint Lucia', 'LCA', 662, 1758),
(183, 'VC', 'SAINT VINCENT AND THE GRENADINES', 'Saint Vincent and the Grenadines', 'VCT', 670, 1784),
(187, 'SA', 'SAUDI ARABIA', 'Saudi Arabia', 'SAU', 682, 966),
(188, 'SN', 'SENEGAL', 'Senegal', 'SEN', 686, 221),
(190, 'SC', 'SEYCHELLES', 'Seychelles', 'SYC', 690, 248),
(191, 'SL', 'SIERRA LEONE', 'Sierra Leone', 'SLE', 694, 232),
(192, 'SG', 'SINGAPORE', 'Singapore', 'SGP', 702, 65),
(193, 'SK', 'SLOVAKIA', 'Slovakia', 'SVK', 703, 421),
(194, 'SI', 'SLOVENIA', 'Slovenia', 'SVN', 705, 386),
(195, 'SB', 'SOLOMON ISLANDS', 'Solomon Islands', 'SLB', 90, 677),
(196, 'SO', 'SOMALIA', 'Somalia', 'SOM', 706, 252),
(197, 'ZA', 'SOUTH AFRICA', 'South Africa', 'ZAF', 710, 27),
(199, 'ES', 'SPAIN', 'Spain', 'ESP', 724, 34),
(200, 'LK', 'SRI LANKA', 'Sri Lanka', 'LKA', 144, 94),
(201, 'SD', 'SUDAN', 'Sudan', 'SDN', 736, 249),
(202, 'SR', 'SURINAME', 'Suriname', 'SUR', 740, 597),
(205, 'SE', 'SWEDEN', 'Sweden', 'SWE', 752, 46),
(206, 'CH', 'SWITZERLAND', 'Switzerland', 'CHE', 756, 41),
(207, 'SY', 'SYRIA', 'Syria', 'SYR', 760, 963),
(208, 'TW', 'TAIWAN', 'Taiwan', 'TWN', 158, 886),
(209, 'TJ', 'TAJIKISTAN', 'Tajikistan', 'TJK', 762, 992),
(211, 'TH', 'THAILAND', 'Thailand', 'THA', 764, 66),
(213, 'TG', 'TOGO', 'Togo', 'TGO', 768, 228),
(215, 'TO', 'TONGA', 'Tonga', 'TON', 776, 676),
(216, 'TT', 'TRINIDAD AND TOBAGO', 'Trinidad and Tobago', 'TTO', 780, 1868),
(217, 'TN', 'TUNISIA', 'Tunisia', 'TUN', 788, 216),
(218, 'TR', 'TURKEY', 'Turkey', 'TUR', 792, 90),
(221, 'TV', 'TUVALU', 'Tuvalu', 'TUV', 798, 688),
(222, 'UG', 'UGANDA', 'Uganda', 'UGA', 800, 256),
(223, 'UA', 'UKRAINE', 'Ukraine', 'UKR', 804, 380),
(224, 'AE', 'UNITED ARAB EMIRATES', 'United Arab Emirates', 'ARE', 784, 971),
(225, 'GB', 'UNITED KINGDOM', 'United Kingdom', 'GBR', 826, 44),
(226, 'US', 'UNITED STATES', 'United States', 'USA', 840, 1),
(228, 'UY', 'URUGUAY', 'Uruguay', 'URY', 858, 598),
(230, 'VU', 'VANUATU', 'Vanuatu', 'VUT', 548, 678),
(231, 'VE', 'VENEZUELA', 'Venezuela', 'VEN', 862, 58),
(232, 'VN', 'VIETNAM', 'VietNam', 'VNM', 704, 84),
(233, 'VG', 'VIRGIN ISLANDS BRITISH', 'Virgin Islands British', 'VGB', 92, 1284),
(234, 'VI', 'VIRGIN ISLANDS U.S.', 'Virgin Islands U.s.', 'VIR', 850, 1340);

-- --------------------------------------------------------

--
-- Table structure for table `events`
--

CREATE TABLE `events` (
  `id` int(11) NOT NULL,
  `title` varchar(255) DEFAULT NULL,
  `description` longtext,
  `image` varchar(255) DEFAULT NULL,
  `youtube_link` text,
  `created_at` timestamp NULL DEFAULT NULL,
  `updated_at` timestamp NULL DEFAULT NULL
) ENGINE=InnoDB DEFAULT CHARSET=utf8mb4;

--
-- Dumping data for table `events`
--

INSERT INTO `events` (`id`, `title`, `description`, `image`, `youtube_link`, `created_at`, `updated_at`) VALUES
(1, 'Apple Inc. is an American multinational', '<p><span style=\"color: rgb(77, 81, 86); font-family: arial, sans-serif; background-color: rgb(255, 255, 255);\">Apple Inc. is an American multinational technology company headquartered in Cupertino, California, that designs, develops, and sells consumer electronics, computer software, and online services.</span><span style=\"background-color: rgb(255, 255, 255); color: rgb(77, 81, 86); font-family: arial, sans-serif;\">Apple Inc. is an American multinational technology company headquartered in Cupertino, California, that designs, develops, and sells consumer electronics, computer software, and online services.</span><span style=\"background-color: rgb(255, 255, 255); color: rgb(77, 81, 86); font-family: arial, sans-serif;\">Apple Inc. is an American multinational technology company headquartered in Cupertino, California, that designs, develops, and sells consumer electronics, computer software, and online services.</span><br></p>', 'uploads/newsfeed/1615955525idiscuss3.jfif', 'https://www.apple.com/in/', '2021-03-17 04:32:05', '2021-03-17 04:32:05');
INSERT INTO `events` (`id`, `title`, `description`, `image`, `youtube_link`, `created_at`, `updated_at`) VALUES
(2, 'Amazon.com, Inc. is an American multinational technology company based in Seattle, Washington, which focuses on e-commerce, cloud computing,', '<p><img src=\"data:image/jpeg;base64,/9j/4AAQSkZJRgABAQAAAQABAAD/2wBDAAMCAgICAgMCAgIDAwMDBAYEBAQEBAgGBgUGCQgKCgkICQkKDA8MCgsOCwkJDRENDg8QEBEQCgwSExIQEw8QEBD/2wBDAQMDAwQDBAgEBAgQCwkLEBAQEBAQEBAQEBAQEBAQEBAQEBAQEBAQEBAQEBAQEBAQEBAQEBAQEBAQEBAQEBAQEBD/wAARCAGLAr8DASIAAhEBAxEB/8QAHgAAAQUBAQEBAQAAAAAAAAAAAAECAwQFBgcICQr/xABNEAABBAEDAQYFAQYDBQUGBAcBAAIDEQQFEiExBhMiQVFhBxRxgZEyCCNCUqGxFTNiFnKywdEkNpKz8Bc0NUOCgxhTc6IlN0RVY4S0/8QAGwEBAAMBAQEBAAAAAAAAAAAAAAECAwQFBgf/xAAwEQACAgEEAQQCAQQCAQUAAAAAAQIDEQQSITETBRRBUSIyYUJxgbEjoRUzUpHR8P/aAAwDAQACEQMRAD8A/KpCEIAQhCAEIQgBCEIAQhCAEIQgBa3ZP/vBi/8A1/8AA5ZK2OyP/eHE/wDuf8Dler91/crL9Weh7SeoKUsroE+x0Sr2DkItpPUFLsHopEVfCAja1pKeGAchGwDlKOqAKPoij6J9H0RR9EAwdU6wl2k9QjZXRAIir4Tg0k8gp2wDkIShmxGz2TqPolbw6yhIzZ7I2V0UjuTwkHVANAN9Clo+idY9Uo54CAZV8FKGgG04gjkhCAALNJS0AXSG/qCfw7iwgI0UfMcKTYBzwlq+EBHtalawX0TwwDkJR1QCbAOUVu4TxzwlDKN0gI+69kBgBvhS1fCUx2OEBGW8WE5nHVSNZQ5CXa1AJwepS031CNrUrWtJQA0NBu0/h3FhHdj2Stj56IBNg9QjYBzwpO79kd37IBg6p4aSeQaQG0bUoIrqhKGFgpK0ADqE4CzSXYPRCw0UeLTmhoN2lDBfRO2D1CAQ0RVpAwX0T2xi7T9iAj2D1CAwDkKTYgMFoBoBvonVfFJ4a2+qdTfUKH0CLYjYptrUbWrMEIbRtOUm1qNg9FBK7GNonlP2tShgvond2PZDQZtaja1Sd2ENjFoH0MDBfRP7sJ+xPLRsIsKH2RHog2D1Cc2MXadsUjWgDlSSR7ErWWVLtala0bhXVUYGCOjZCdtapS0nghAjAKqCPYPRK1lG6Kl2gdEUfRAN2k8UgR0bTwDadtJ6hAM2j2RsT9gUga3b1CIEGxKGcqbYPRK1gvorEnykhCF5pYEIQgBCEIAQhCAEIQgBCEIAWx2Q/wC8WJ/9z/y3LHWx2Q/7xYn/ANz/AMtyvV+6/uVl+rPRiDuBopydweEuyui9g5BlH0SgG+hTwDfQpw6oBm0niigMo3SkseqUUTSEPoYlb1T9g9ErWgG6QiIm0nqCgtAF0pE1xG08hC+BiEI4PVAgHPARR8xwnNDQbtK4gigbQkbs4sBG0nqCpG/pQhCI9g9ErQ0G7T9t8I7sISNeQWkApGC+E/uwhrADYQB3YQIwCn0fRFH0QBtHsjYlAN9E6j6FAM21yir4T9p8wUbAgGtbRBUnB6lODAGpA1p4CASm+RCVv6gnCPnond2PZAHDuLCO7CUR0bpOq+KQDO7HslbHz0Tw2jac3qgGhlG6Tm9U+j5jhK0NDhSAQgjkhIKJpSuFik1rQDdIBNg9ENa0mk+r4StZRsIAbGLT9iADae0W4BCUM2I2V1UxaALpMdRaQhYVgbXUJab6hIxnCeGC+iATa1G1qf3Y9krYxaAj2D0ShgvoptiNiAj2D1CO7HspNiUM5UPoEbYxafsUgYLTtrVkCHYlDBal2tRtahePQzYPVKGC08MF9E/ux7IWI9rUbWqTuvZKI6PRGWXRGGC+if3Y9k/YlDOVUqR92E5ke1wNKUMFp21qgDAL4S937FSNaAbpPrdwqggawWn7B6KTu08MG2uEBBsvyUgj8NJ+2uUAG0AzuvZJ3amq+EoYLQkYGDagMFqba1GweiFj5GQhC88AhCEAIQhACEIQAhCEAIQhAC2Ox4vtFiD/APU/8tyx1tdjf+8mH/8Ac/8ALcr1fuv7lZfqz0oMo3ScOqdR9Eh6L2DkFonoEUfMcJzE+r4QEe1qVrQDdJ+yuUUUIyCEI23whXcxOHcWEd2PZLsrlKAbQbmJ3YR3YT0VfFIaIj7seyXYByn7K6I2k8UUJGJQDadsrmkUUAI69EbSfJSNbQ90BHtJ4opQyjdKQgjkhAomkA1tXyn0z1CNg9EuwHoEA2m+RCVv6gnCPnonbB6hAHDuLCRzKaSE5rKNp1XwgGAW2ilayjYTtika1oHJCAjq+KShtG1Ltaja1AMbV8p9N9Qja1ODBfRAN2tTmtAN0nBgHITgLNUgG1fCVrBfkn7EBgtAJtHsl2J7Wtvqn7WoCHYFI1ra6hOLOOiUMG1ANpvqE5oaHCkNYL6J4jAKARwsUm7L8lNtHslDBaEojDabaVrST0UhYK6pzW0LQsMDOeUu0Dm0/g9UFoIoIBrRZ56J+1qc2MUnd2EBHtalDBfRSCOj0Ttih9AZ3Y9kd2FI1llP7v2KyJXZB3YSiOj0UwYLTtrUNCHYnMYNwtS7B6JQwX0QrtG7Wo2tUndj2R3YQsR7WpzWC+ieI6PRPDBajAI+7CVsYtS7B6pzWC1AI9iGs54Cm2D0Tmso3RUAi2nzBStYLU22+ENjFqoI9g9EbB6KfYjYhJC2Pnon92FMGt29QlDBdoWIRHR6J2xTbWpdg9ECPjhCELzwCEIQAhCEAIQhACEIQAhCEALd7DM7ztThMvr3n/luWEul+G8Zl7aadGBZPff+U9Xr/df3Il0z1H5B1WDahfhvaboml0vyrmGnsoefCjkxo3WAKXq7zk2nOiFwP6T+EpZt5Pktl2ASfCD+FHkaU9otnPqm8OJk9eiWieKVh+HNG63M8I9khZXkbRSKbMEGyuaRR9FKQa6FIGuBsgq5Yjo+hRR9FLx5opvkQhD6IwDfQp1H0TkEEckIRDsaOqcOeAgUTSe1oBukNBhBroU0NJ4pTO/SU1oO4cFAGym+6Gg7hwU9LRQDXCxSRrKN0U8dU7g8WgI3fpKcwGuicW8cJQCG8hAJV8I2JQDd0ntonlAAa3b1CGtbfVO2tTgwXzwgG7WoLRXHVP2t9QnNYL8kAxrSeCE7uwn7QOiWr4pAMawX5J20eyc1llPEdGyEBGGC08NbfVP2tRsHogEpvqEu1qUMF9E/uwgGNa0lPDAOQhsYtP21ygGgc8p2weyKJ4pStj46ICLbXKUCzyptg9EbB6ICNrW31T9rUoYL6J+weoQlEe1qkDAWo7v0UrGCkLEXdhK2MWpdgSta2+qAYGC09rBadtalaGhwpAGweiTa1S1fCTuwofQGNDQ4UnkA8FK2PlOdHx0WZePQzuwelJWxi1IxgpOa1t9VBYZsRsU21qA1pNAhCy6IhHz0TgwWpwwbeoSd2PZCoza1Gweik7tSBg20jBA1gvontjFqQR89E8MFqgI9tcoo+imDWngJe79iqghAs0U8MFp4YL6J/dj2QkiLWkcJwYNqf3XspAwbULEGy/JSCPw0nhnKeGC0BCI6PRO2Kba1LsHogR8VoQheeAQhCAEIQgBCEIAQhCAEIQgBdd8JY+9+IGlMur7/AP8AIkXIrs/g63f8RtIb6/Mf+RIrQ/ZDs95ysORpO3kKp8lkSP2tA5XRzQCiD16pmPjNB6hehkq4cmJ/hk7W26vol+SeG9LPouodFBsqgT6qtJDG3kM/ooyTtOYmwnuBaWD8KlPpztp8IC6iWIPdtDCCfZQPxBdV+VZPBEoZORk09zeSaVZ8Baauwuvn0/vGlpAoqhPpDNppX35MXDDOddFxdKMtAWxLpxYD5gKq/EF9EjIq4lFn6gnuoilZOMG8gcqF8ZaehWmUEiINANp4IPAKXaTxRQI9pukICj6IopyKtANHVOq+EoZynhgtSCPYlEfPRSkNAu0iAQNANpSL4QnM/UEABgDeUNa0mlIRfBQ1gBvhAJsA5S7b4pOPROaPIoCNsYtPDBakawWnbB6IBga2+qeGtPARtala0A3SAA0A2ncO4sJavhDYxaATYBzwnAWeeidsCftGw8oBmweykDARSGtb6hPaGg3aAYI6NkJ21qk4dxYR3fogI9nFgKRv6aUgYNtIDOeUJGUfRKGknkKVrW31TtrULEOxGxTbWo2tQqIxo6JxaALpK1oBuk+r4QsRAWaTgwX0T2xi0/YgI+7HslEdHopGMG4WpdrUBCGC07a31Um1qNrUAwNANgpSL4T2xgnopBHR6KG+CUuSMMG1AYL6KbYgR30CyNBndApRCAbU7Y6HITtg9EYINiUM5U2weiAwX0VUBgYLT2taSn92PZKI6PRWfQE7seyO69lI1nPATw03yDSyBCI6N0nVfFKba1G1qEkOxOYynCwpmsF9E7uwhYj2tS7B6KRsYtP2ICFsfPRO7sKcNG2rCQsFICJsYu0/YpBGdvRPEfh6FAfDqEIXngEIQgBCEIAQhCAEIQgBCEIAXRfD3UmaR2y0zUZHUyGR+4+xY4H+hXOq7orizU4Xhm4jcQ318JUN7VktD9kfXTZoMxglxZGyRzAShzTY2noL+qlbCALXlnwp7UuhnHZjMDwzIcZYZpDW11E7LPlxx70vXGwHZuDgQDt49fT6rpqs8iyayr5I+7thA4Ub4nbgbsK2I/D0SbGtNupa7yNpTGO1zrsBV8jFNEtcCfZarBHzbeEhjjc6gBym8hxMF0L2iyq7hzRBXRyYLHgnzVKfTw23UeFaMim0w3Mjedpbwqk2LGb2t5Wy7FAu+FC7FDTdcK2Sm0wnYhabLTx7KKTEB581uuhYTzyonYrXGgw/hWM3WYXyoukOxRXP9lsOwgDxwozhPu+oU5G0xn4rS0gEWoRCWHk8LVyYZGdWcfRUnNs0QpT5MmQkNAu0lhSmIEUpI8bcOhWpBWIsJ7GClcGGdv6T+FNFgk0Cw19EyTgz+7HsnCMg7qWkdM3ja3qVG7TZWcWSqqRO0p7SfJDWcq8zBkA/6pXYctdPwrZRGGVAwA2UpaK46qY4z28kH8JO7o8DlMoYYxgI6hPq+EoBuiE7aPZMgY1gvyT9iA2jae0WUIGhgtOa1t9U/YPRK1rSVJI0tBFBODBtT9gHPCUAk9ELEbWC+if3YUgYLT2sFoCFsdHopg0BvUJ+weiTa1AMHVPAs0nBgvonBgHIQDQwX0Tu7HsnAWapODaNoBndeyBHR6KZtE8p+1qAh2IDOVNtalDBfRARhgtP2tT+7HslbGLUAYGC+icYxXkpNiNikldjAzwobGLU4YNqGsFqH0aDGNAcLUu1qXYPRPDBtpYvssuiItbSexoHmLTu7CUR0eikqIlAs0nbE5kfiHCAbsRsU+weiUR89FUELGU4WFJtapO7CXuvZQBjWgGwE/aXcUnhg2qRrAByqkkHdeyBHR6KztajYPRCxCGC0/YFII7/AIT+E8R+HlAQtYLTtg9FK2Pm6Tu7vhAQta0mk/uvOlK2CjdFSiPw9FOS2CEMG1SMZwnd3f8ACVK2PhQSfBaEIXnlAQhCAEIQgBCEIAQhCAEIQgBXNGhmyNShix2OdI7dQAsnwkqmtTsu6Rmu4ropZY3W7xREBwGw319uvtapY8Qb/gvUt04r+UdNhx6gxrn4z8hr4nCwWEEG/Ve89gu1kXaXDhwpw+HUMaLZJGRw5o/j+q810qV+jYmb3U+POZrJ2ANffUCz5r0H4aYsJ1XUMuENLWQRNaSQXm+XdPQrztJq5eXYlwe9bpIwpy3ydx8q/wDmUMuOWgklXiHuI4IB5tRyQuPU2F7O5nkuOChZb/CSECUE1toq38uD5JjsUXwa903FCISFpuiU+2SCi3qh2MQLDwfoUzunt5BNq+QNlwWPaS1hv6KjLiFlgsNfRasfeg8dfdEsEsrSHEAFSpEtcGA/FaTTW0fVN+TcObulrPwD1BtIzDe1poi/dabzBRMWTGNHwn8JG4/FUugjxwRtkjBB9An/AOGRP8QACby/jObm0wTigOqoT6ERZFrsxghh/SSE44Mbhyz+inyFXRu5ODGiSHhoN/RSs0nJjILm+EdeF2wwIWm9qUYcTjW0fdR5GR7c5eLFj7vYYzZ9lajwWuZQYefZdC3T4wbMYP0UrceFo2iIj7KfIXVPBzY00A8CimSYIArYSfoujlxAQQ1hHvSY3FaDTm37orB4zmTh11aUhxWhdTJp0boyQw39FRl000Q1viV9xSUDAditJ4oqM4L91hg/C3Y9Ola63s48+FY+UYG8MN/RNxXazlJsNwB3MoKB2O1oscn0XV5OIwtoxkD6Ki7T2H9LD+FKkVlWc8Y+K2m/onNZt8uVsu03abLT+FE7ABNAcqyfJRxM7aTxSBHR6K07Eex3IJCTu/8ASfwtsopgg2KVjAlLQErP1BSA2D0StaAbpPSgWapQBKvhDYxaeGC09rBakDNiGs5UrmCuicxrelhARhgtP2tT+7HslbGLQDAwX0Tu7HspNiUMFoCNsYtP2J7Wtvqn7WqH0CJrLKeI6NkJ7Q0OFJ9Xws12SuyPa1AYCnmPjonsj4Wj6NBAzwobGLUwa3b1CGtbfVZAj2JQwWpdrUuy/JAMawXafsHopAzwp4YNtICDZfkpWM4TwznlPawWqAjDPQJQxxPLT+FM1oBuk9VBCI6NkJ2weikq+E8MG1CSHZfkniPw0pAzlPDADZQsQiOjadsUpa0igQnCPw9LQDGNb6hPEYPklbGb/SfwphH4eiFkMELdvVHcgchTtj46J2weiEkIYNqBHz0U/d3/AAlPEfh6IPnBA1gtP2exUjY+eilZH4hwhfYfn0hCF55iCEIQAhCEAIQhACEIQAhCEALW7Jujb2gxHzOjaxu8kyfp/Q7/ANfVZK2ex2A/U+0mFgsaxxkc/h/Thjj/AMlndjxyz1hmunz5Y4+1/s7rWc75GHMfogP/AGk73Txctd4eG1/CQaWt2dM+gYP+000c4yYHxRRPjnp5JG51jpRFg/VZOTpGNh97hyZD43tlP6HWwA8WR6LS0/WmnQZMbUcxkUMu4NjaAXOe3gO9l4mXiPi+z6KLi5SVr+D3HQe2fZ/tPBHLpuXEZtm+WAjZKySubaeSKvlaxla9m4VtPQ+S+VMc5ELxl4GY2HJhIcJGkh556j1I6159F7Z8Ou303abT5MfVGhmp47R3vl30d0JK8jdWF7dVu9JSPKnFJvB3oLXGrCcGsabdyFQZl+LhpBAvp0T/AJwfxEV9VuYF1z4dppotVpZYun9k35hj+AevumujDvEOUAjZor8JN+6kbLRvgj3VSVpZbgDaRkjj4SKtF2C/8yzza2vZRunjcaDFXJA5KTeB0IWpXJdjdHxYpWWd0RwFSi7tzfEfsOquQugbRvn3Wci67JNrD0YfwlDI3HaRV+qlZLDXUflNc5rj4QqZNcETsZhPUFMdjtqmkX9VYIIFkGlA+xyOPdWKyiK3HcBe5NML917k9jj5vFfVPLDINjTRKlL5M8NkTYSXAOcKT3YzALsKePT5Dz3gTZMSZv8AESFO8tsYyNu0gAWE58G8ElgHulZE5vJPRW4mg/qHCbmSoma3GDbNX7JWxAmiwLWEET+ABymOwhdhFImUcmRPjRlpBYT9lWMMQ8PdEe9LcdhO6myEg09rx0Wm4o6+DnZII+abagdjguoMaunOkAu5afwo3aSwOVlYYus5OXEdu5jsewVaXDsEd078Lr5dNaL2EbvJVn4ErTuLQQFqp5KSrZx0uGRfhN/RRfLuH8J/C6nIxqu4uPoqUmM3mmG/orxnxgylAwxEQeWkJwYLV+XHriuVE6GgrJ8lHEg2tStaAbpSCOjynbR7LUoM23xSBGAVOGAikd3XkmUBgZzac1rb6qQNbtq+UNYL6IBA1p4CXu/YqQMANp1E+SPoIhawX0T+7CkDBae1rb6rIvtIRHR6J4YLUu1qXYPRBsaGBrb6p+0I7v2Kka0V1CjJYj2D0StYL6KXYPZKGcqQMbGLTwwWpGsFp/d3/CVUDGsFp4YL6KRsfCdsUEkZjscBObHwp2sAHKXa1VJwQ7ErWAnyUu1qVrBfRCRgjaDfCdtapO7HslbFz0QEYYL6J/dAqTuj12lSsjPogIBjgG6UzImgdVMI/D0QI6NoXI9g9FIGeFP2AqRjAgwRhg2oDOVP3f8ApP4Q2PnoVGSUuRjWC07YPRSiOjae1nKruNCBsfPQqQR0eimDBadtaqFz86UIQuU5AQhCAEIQgBCEIAQhCAEIQgBaPZ3LlwdYx8qBxa9m8AjythH/ADWcrelC8+Kv9X/CVDSksMtBuMk0dWZ8vIyjJLMXOPJJ/iCrZL8rvCXEtiH6QeFNiusF/m1NzpYBj91GSXO635LJJJ4SOhuTWZMrR5ksT2vaQRYHXhbvZLtjldm9WizMeYFr6jna8UC0vHn/AFXORRu2NDmO69KU1NZGX92a+isopMqpuPB9PYuqQZMTZYJWyRS/vGua4EEEfpv2VhmTG51UF4t8JdZki1KfQw9/d5Me6Le7dTh4iB9gV6htyYZCHbhXkQuxfkispM6ESRubTXAH1tPZI6tokH5WC3IkYLJ6KaLOBIaXf1VNojYmbgkHQttL3bXjgUfUrMZlXw1xtTsyXtFk2PRVL5yXDjO23dhMMWzkg/ROizwW7S3qpXyMkAocoMDWPaznaeE75pg52k+yabAstJCfGITRNfdC2SSLNjcQ3ZV+qsjIiLasfYqjKxtEsHPqow14N2iLbjVbJGRt3/kpQIyaLmkfVZgMgN2l7yQcgq+0bzajjhHiIBCsN7ira1YDMyVvBJpW4s8bac4D6lUcGWU0ahmrgNP4QHNdy4gfVZxzA8U17efdJ3zhyXClG0lyL21pJpwKsRxgtpZIyS02Cp25zq/VStnjBCmjWbEGjd6I4Jq1m/OOLaL7HsVNDM2w7cb91XaTvRohnh4ToWkfrApVhlNDf1j8pozAejwpwWyjRkdEBdDhUpXNLrDCVG7JLmkA2mCR7uA0/hEuR2K6Nrudv3pNEBPRql3lrfECnsnZXRaZIwU5cAuaXFgKpTYLaNMaCugZOwCy0fdI8RS8d2OfMKFPkzlWmcblYDySA0KjLp8gBJAXcv0+M25rLP0Ub9IErSBG0E+q3Vn2YS07OAfhPBsgn7JpxnAX3buPZdzJ2clokMv7KnNokrbBZX1C08sWZe3a5ORDNpsgj6p3DuLXQy6HIWmmg/ZU5NImZ1ZQ+iKRV1vOTLbHzwE/uyOaVh2FMx36XfhNdE9nLlfIcSGj6FPZVUU6vVK1rSUyZ7RNrU4R89E7YByE8URShFhmweoUga3b1CAzlP2BWAm0bD0TdinDBtSbB6KpI1jOE9sYJ6KRjAnhtG1BAxsdG6TwDfQpwBvon7SeoKqBjavlPDAUuweikYwUhKEDBt6hHdj2T9icxg3C0LEXdeylZFxVKTa1SsaK6hTkuQiGjdKRsRu9p/CmazlShrdtXyoIwQbBsIT42AdVJsHonNjs9ChOBu1qO7B4pSiOj0Ttih9F1EiELQbT2xc3Se2PnopgwbVmXwRho21YStYLT2sF9FI2MWoLERZx0TmxilLsShgtRkEfdhKI6PRTBgu07a1QEfm4hCFznICEIQAhCEAIQhACEIQAhCEAK1pV/PxV18X/AAlVVZ01/d5sb66bv+EoyV2dGN0TC8G79FWdLTw+QcDrakZlMfGGkceajPcyvEbQSSeiobi5GcxzA2FvPAseSX5oMZ3Z54TcmFsO7Y0+V8dOUgiBq+qlEPomxsmbHeJ8Obu5WncxzXUWu8j+V9IdmZ87L0HDfrMTY8oxNMjf5nV+v6keS+axG2Jwb1a7ggeYPUe31Xqvw27dZWoNh7PZ7S+bYTjyjmmt6RH7Wb81pDsquj018ER8uFC/FiJ4491C3IeXAF3WynjIo8lbFSRuM1g3CTke6mYHAXuv2UIyGn+FStlYRRFe6F4vgkD3A2Q78KaObaQRutVwWX4XEqeOvPohYstyS5u0mkveULB/qotgIvySXXh8lD6CLTJiRSfuPWlWB8NNPKli3kjceFRdlx5fxwEzefRS7R1SOa3b1FLQqyPffUpC9tVuH5UjYWuPFUkdibjTUyQLG4CiCFYbIC3kqmYHsNWntY+q3IC23nnyUzWMLf1C/S1Ra+SIWbICmbkNIsCihOSbcWmlZilAFWFTa7cfdOJ4oHlBkvGSxwmseQTYVZveV1S3J/MgyX2SeVqYSENsGllEyt5tPGS9o8Rv2UPotGWC+6V12421SRzx2BwqLMtvmwlWI5Ynig2isyykXhPHtrhBya4a0/WlUDg07j5KaOVjvDXVOjTJYZl1V/hX8WZkhALeqoxshIvi1ehdDGzcCLHuok2yYmoww0NwFKDJx8WZpBAF+ajGXFQshKciFwqx9is+UaYTRSm0mEg93KAfS1ENJZ+l/KuGbHad3NBHzuP/AA9fdXVkkU2IyMjSMfkCgVRm0NrrLWX9lvb45HHjqrUQxw3mvpasrZGcqos4yTs/Mf0gAKP/AGeyRyGg/QLr8ljSCY6B8lRkdktPhF/RaRtfyZSoRyc+nTQk7648vNQiLabIXTTaflZFvfE6vWlFDovit7TXoQtVakuTN0SbMDZ6BJR9F2EOh47m8gX6If2dhcdobRPsoVyHtpnJggNokJW0TVro5ezLWgutUptHMQJZRIV1amUlROJmBoBvhPb1VwablOFtiJ+gSt0rMv8A93cR9CrbkQotlVvBs8KVtE9QpnadkNH+RR+qPlJ2Mt7DX0TciMMiLLHCfGwBPawAc8J7WAnhTksJsHolbHz0UwYA1PDRt6hQCHuvOlKyPjopQwbVIxnCEDGsFcp7Yxdp2xSNYAOVD6JiuSPYpWsAHKdsB8k8MBFLI2wR7WpWsF9FII6Np4ZzajJAxsYtO2KQMF2nbWqHIEQZynhgtSNYL6J3dhU3FyPa1LsvyUjY+bTwzlWfQwMEfhpAjo9FMGC0/a1Z9F9p+ZyEIVDhBCEIAQhCAEIQgBCEIAQhCAFZ01u7NjH1/sVWVnTiBmRk9Kd/wlGSuzoWQMi2uttO55PBUhlhiG7Y2/IhVpHAysewkNLKDT5KxI1jMUNhYXE9SR0VDZ9DGT475nbrN+R802VrmyOcxtg/pPkq9S7r217qXc4Rst111CGZFIMg8cclaGialLpOqYeZC4gxTNcQ3qRfKrRyEPa5t8G7BA/qV0Pw90nSdY7SQYWsNxX48jTbMiYROc+/CA4mruuPPopXYXZ7i+ESRtnxQSyQh7T18Lm2f6qCSGdpva78LZfjnGiGJE0sZj/umsr9NeVqo9rrr9XsFupEyhhlJglrqVMO82/qUhtvJid+Enej+Qq5XAMc8dHKZskrW3yVCJmg8tUwmjIooWXZYiyXBviBpStyAT+hVRJDtoHn3Usb2V1B+6GhZ74eQUkc9EWoo3MJ5Clph6CvdQ+giy2drhRCka6Jzdpqiq7A1os8qVrmFtBqzLlmKBhILXj6WphBz4eqihkYKoUVYikp4J6KrLx6wRuid0dHfuAmdw13hDaJV8StPG204RtdyGG/om4nYjOOGQOTaQYlmlpdw8jhhHuRwjuJW+IgEDyCt5CvjMp2NK13hJ+qGhzTzyVshjS39HPoUOxmuabaAnkHjMxsgHVPbK0mqpWJMGwS0FQnCePNW3lNjQu5h43D8qKQNokEJXYsrTuomvZJ3b7osd+FbKKgwj1Cnjka3ncPyoDE4c7D+Em1452H8KSS0Z2kU7p7J7ZWV4dwPuqVuJoAgqVjJDQB5UPonLLzZpAL3qePIk9bVFscwHhFlSMGQ3kilRPCwWi2aLZpC2trvwpA+QtqiPsqUb5OLdX1VljnEfrFfVVZuuR9uHLydvmk3wjnn7pHbSNr5RX1TduO3nvgPckLPJbsV2WAKYOUx2a+qvafUqQxtH8d+dUqmRJFit+Ynlijj58crw1nA55PCZIaaWWP7/JLhbj5n7VaswzyOa0tic/cLBAuwvJe1fx57LaK2fD0KM6ll9GFh2QB4PVxP6q68ei8T1T4g9sdbypMvP7R5ri5xcRDKImA+TQ30H/JV3sxdqTPtOHKtm3Zz6FWGEEC2Nv0K+NMD4xfEXTo4o4e1MhZHwA9m6vr6rU//EF8UGNDY+0Ed+vy9rOTkyy1MUfYENAg7GqZxLnAiOwOpA6L4+xv2i/ipDKx8mvwSgH9D8eg5d1o37UOrHIii7QdnIph/FJjP2SdOotZOcodnTXdXM+gXFjjRaPTlV5cUPdRjFH2XBaT8ePhpmROmzNWydMla+3MyMRz6vjl3QfVeg6Lr+l9ocMZmiT42ZjkAmWCQO+lgdFMbjZRhMTHxWM4EfP0VruAGm2NVmmRC3s2uHkRSUStca6fZW8rJ8EekUhgtkdYjBSv0tr2lpjHK14HRlu4OsD2Tjtcf00D5lSrWmUemWDnJ9FiDTcYpUJtLYwHa2vddc+Fh5cLb50mfJYsorYbPqFvDUHPLTN8I4aXFczztJ3dCiK+q7eTs5FO00w8+YCp5fZeKNhe1xsLZaiL4yc8tHYuTmGMHqpmNHRX5tFla092HE+wVUY8kRpzXcey03IzcNnDGtYL6J/dpwBvoU4A3VKckAGDbSVjKcCU4A30TtpPUFQShCGkcEJwa2qsJWsF9E7uwofRYVrAWoEdHopY2AKQNaeAs+gQhnKeIwTSkEfPRPawX5KuS8UMEQDUCPnoptoHRFXxSZNMEfdj2StjFqQMFpzWtvqq7hg/MRCEKTzQQhCAEIQgBCEIAQhCAEIQgBWdOF5kY+v9iqytaZXz0VkAeLr9CjCNjl3JB49VM6QmPY08lKWAixR+iaAGm1QuQjeL3FKCPPlTlrSLBBPpaQRvd/CCPZANaQY2gNN/RMBeyVpa5zHbhTgaIN9R9FYDNo6cpr4rc1wIG0h3PspXAwfQfwp7R6n2h7JNl1RzJziymBkruHPaP4vcrrDHFIaDGg+q5v4PYUcHw9wpXxhnfSyOJPF8rsGMxxdOaD9VVyaZ6njTRQfiV4ttj6KI49uvuxX0W2I43NoOa4+lp4x2bfEwAKvlkintznX4rh4hD/RMMB84qH0XSfI7uWUfZDtOk2kuhNezVeOoIell2c13TR/CfwpAxgb4W8rd/wANid+ppb70k/wyDyks+lLRXoz8EjEvaOOqeyZ3mD9FqO0thNCkjdIINgq3lTKupoqMmvgsP4U8crbAqvqpjpb2jcAeFE7Bka6zYVdyK7ZIssDS3cHC/qpmKm2GVo4BU8bZh1v8I8MlZLjPS6U8Yc3kvH5Wfcl0Hc+ikEsjG26+PJRtRpF/ZqRud/MD91ZYTXiApZMOa2qpXI81jm7SQLVHHnJfKLoiidzwCnuxm0CBY9lWjmYeA8H7q7C7c2g6rVJd5LLkZ3cW2nNr6qJ0ETjTQFeGLv8A42/cpj8SZvQceyjyGvibKbcRgPPRI/EjHIYfwrJhkaNxugkDy00Wnap3lfEvopux2O8LaBPqkGA//SVak7o8irUX70G45BfkLUbmPGitJgubZcyh60oxjtYdw6haLZ5QNsrQfVTxiKVvLGgeZ9FKm0R4osyCHdGjlDRJu8Q4Wo/GiP6CLUD8QjncrKwjxNFXw34+ieGs222Sj6EpJIS3nddeSiJIFg0fdWcuCNorradznih7pwINU4CyOfZQTzHHhORkzxwwggOlkeGtbz1JPH/VeO9v/jkMB8+h9kCx07XGOXNIuNw//wAbfL6qilkq5KCPQu3fxB0LsDp4fkTibPkce5xGvBJrzf5tHnz6L5p7Wduu0PbDPkytVz5O6cd0ePG8hjR6Glj5ubm6jKcnOy5Z5HOLi6R1k3/ZVQCHgkcKxyWWSn0K69tEvc0fp8g36jqU1PcRtPITEMhD0UsAY6QNfIGAnqfJRgAmireHg5OU8Nxyw+vmQqzltXJMU2+DTGi48OIcwZgkoWNvKzxqjYmkGHZIw8FviD/Lr5K5jYmRGzJIx5THCPG4g0LNf3KxJng2ytp3efHmuar/AJG+Tvtj4oxaWGdNpOSzU98EjduQWnbQ/VwnSu1PSe6nxsqbHBb4XRzyMB5o8t/C5vEzJ8LKZlQuJfG4OYG+ZHQLuMOfG1vT5GZAa2USG4iaIJFmh/LfmsLk6Zbv6RVLyLjtGt2Z+NvbnspGYotVj1DGNbcfUGicM+kg8S9L0D9qfS5i2HtH2afjuNBz8J9tPvXVfOuZpWRiSFwheWX1FkBVhYN8iuteS6YxjZHcmZq+yD5PtvQfi/8ADztBM2LD7Qw48rv0x5lQm/QFxAXdNkMsAnheJGEAhzDYI+oX52Mn3l4ke/iqAqzz78Lf0X4g9r+zoP8AgfaPUcNpr93FMdh+rHeE/lNsvlm0da1+x96syBe0nkdQrEE7HHwgGutL4+0f9pT4h6fUedLp2qsFW7JxQJK9i3zXr3Zz9pXsHqWJE3WZMrR56AkMjO8iJ9q6BZyzHhHbVqIT7PdI8sNiI2qCbIhe07gFgaHr+l9oIBJoesYepte0OvHma5zB5WwEkK7tke7rY5s+ipF4Oif5LgnMIyDsj4B80j9C2t3bC+/ZWMWF8cfeh1ehWlBqAjbtdICfcK/ma4Rn7eMlmRzrtHk3bRjO+u0qKXSJWAuMJAH+ldXLqTC2gW/hVZMzeCNgIKtG+aM5aSs5R+nuJ8LD+FA7FljdZaaHsuygiZKCHwgA+dKw3R8aX9TRtKutV9mPs8/qcK2M30T+5d12H8Ltf8DxGvG2MH7J50SL9RDWtV/dRK+wmuTi2x+RTg1rTdhdXLo2NXid/RUsjR8ZrHOZdhWV6mUlpZLkw+DwnBnKsSQRxE04ce6YA0/pN/RaZM8YGtYLTtg9ErQdw4Kc4HaeEciwzYOtJWtaSngW2ilbHzdLPcRg/LxCELY8sEIQgBCEIAQhCAEIQgBCEIAVnTRuzYx9f7FVla0vjOiv/V/wlGSuzeY4s6jhSjY8XVe6j8L/AAggqJr3xEuBBA8lQ3LYgsbhZCazcCdrSQPZEWXGRUlg/wBE2SaNwLoiW16+aAm2E8kEJHRcVsLr8lDHmgRO7zqOikZnRvFkCx0F9UHBvdmO3Ov9j5WnBy5HYr3Dv4ZBYlb5tA/hXvuj61jdpNIg1rTXPEEvhNjlh/8Ay/seb9l8xSSte0nuiLFXd17re7KdtNS7H6mzMxX/ADGM9gZNjvkpkzR5+jHDrfsj6Na7dvfR9HRB9bmOca4sKxG+cc73/hct2Y7f6D2rBOmTvgyb3Owp2/vG++/o8fRdKzNcBZLKuuvmsWjpjYvs0IcqaMBxfdeRCux6m7bTttelrF+ceBuNV6jlWYspjmfqBPoQsnDLNoWfyb0OoYT2bZYmkH0ViP8AwifwbdpPmVgxy31jFeystkFXtI96TZ9GqsyzZ/wfAm4jyY2k9LeE13Z54NxTscR6G1msm48JdatQ50sYvc9U2zXOTTNb+Bz9FzmeLaSB7KvLp+Q23OhJA8tq0ItVlBB3n7q2zVg4U7Y4+lJ5Jrsh1Qkc28iI1JHQT2S47hRFD1pdOyTBnH77FjN+XCZLpOlTg7Ye7J8weArK/kz9rnpmAxmE9w/ec/RTDCxHciQA+pWhJoDmgugLXAeVqnLpj473xPB9RdBbKxS5yUlRKHYz/D4P4Z4yfThI/TqYTvZ9ikOIR0e4FOGO6qEpv0tW3MzcVggGK5hoO/Cla6WEbhvNeyQ404O4OKBHkg8Ek+ilyyZ7TQxtTYwDvWGvotbF1DCmaGjgn1XNVlDqwH2pTQZGVEP8oD7LGSydFdkonXMhxJm9AQVHLpsFb27aCxYs8uZtc8td/RW48l+z/N3e1rnalF9ndBxmstEsmnxUTtbXsq/yMYdYbSnblgcOI+ibJlDnYOVO9hwg/gruw2WmnBdGfA4EHyT+/lc6izj2SiU3yKTeyFTAqvjnYeAEojndGSKJUzyX+FoJPskxsiWJ5MBcHt/l6gef9FErcIsqV8mdkGaJ3dywkefIWZqGrabpsAy9Sy4MaAniSWQMaa9Cep9lL8QPiN2Y7GaeJNfla7MlYXYuMzl8h9yOg8/svlXtx8Rte7cTtdmTDFxI3F0cDOle60pnKa5Rw6ucK+Is3fit8VJu1mS/SNJLm6bA8h0rrByK6W0cgWAbXm7XtMY3NDXf6eh+tpriADtN+t9So959F1RieLKbk+SWx6priNp5CZuJ4pA56K5AIo+iXkc0Ud5t5I4QCA0bCuYuS/GlM0XhA6qpHI1521V8q0J4mQuaWgktI/os58msVjlHQ4Wtx6jux2w05rbftHhePdOPZ7C1nGyHwRnvo2F1MFlZWkzTYszJIMXvTJFtLAL6/wDTr9lsaRFqWnZUs4x5H7CDKxlmmnpa8+6Pjk5VvD+j2KP+eEYzWf5OTnwJsVkb2kEDg+od6fVT6bqsuJkSZJk20QHH08l02vaTGyJmp4EZbizv3O89jvNczlYsNbZBUl7t7eRtPmt67IXxw/8AJw3Vz08+Dr8gx6lppyMcNc7Ze4HzC5eeKIFjw4B7m2QT1PopdJy5Ig/GZucGA1z5H2UGTjPZbpCTXiFeQPFqtNTobiuit042fkkRPhlADzHTXdDXX6KNwNfXopcWdzJI27t+w8A9OeFezNMLWfOY0rC01cdiwfSls7NrwzGMdyzEy2utpLCCR6J4kfsO7kEVVq/8vj5cL+6jMU0Q8TKon7KmNPyI4hIwOlZ5uaLA/Ctviw4S+C/onaLV9DzI8zStSmxMtgDWuikI/r06L2HsX+072o03KxoO10TdWwGxmN8jaimjIN7gTwfL6ix5rwaVj2EbmubftSe111tlff8ApItHUprJrVfZVwmfe3Zn4m9ie1kTcjRe0uNLJMBUUjhFLfUgsJs1zyAujL3uNF3HB49PJfndHPIBtieIpP4X7iKPlZb0Xs3wi+PmodnZRoXbPKzNR0naGMkebkxX+bmHq5v/ACWE6pQ5R6FWtVz2y4Z9Wknhweetff0U0ZfxbxSy9L1nB1TTYdW0vMhzMHIbUU8bgWOA5oNH6HDzvytXm5DSOG3xf2WbZ2KJs4zXOaBvB+6vxCQDaH17rIwso2Ghho+dLWhlYBbnD6WsZSydEI8F2DHe4guyAR6K/EzHY3xFrva1ntnYYyA4A+tprHu5JdY9lnll9qLuZDE8WIuP9I5WTPhMkJaxrrPkeFojUGRVTHEj1HCq/NzPl3tjAHuFpCbSyZTgm8GXN2cyshwEmOGA9HNVHN0b5NuxvJ9l2+JlwSsqcEFXI9Nxckh3dtLT6q/unHsxeijM8wGJID5hOOM5osngL1F3ZnBkYbxwb9Fl5/YnI3g40TQw+9laR1kJGUvT5ro4Huq5pPDWhvJXU5fZTMhbuc0UPZZE+j5DSaF16LaN0Z9GMtNOvtH5QoQhdx8+CEIQAhCEAIQhACEIQAhCEAKfBLhlMLOvNfgqBWdNF5sYPv8A2KMI1InTbqcBR96SPiO8ADg9SHWpw0B4J6JztleHqqFyq6JzRbXG0oEm2iaU7avnon1EeCgKb45Cw7ST9E5kEgZuJ5Csl8Q8IIv6pA9o5sFAMjfMCG0a91I58m0ghosVylbOwHmkTODxQaa9VIJtL1jP0nNjzcDIdDPFXiHQgeX36fde2dlfiLpHaYCJ5GDqAaN8cjgGzO/031PnwvBw0NNqwxxjduDntcw7gWGnAjkFTg0hPasH06MiWI7HktPmCOVbizeKMo+lUvL/AIXduNV1tuTpOuZDZ/lmh0Di2nVfn68L0SLJgJALQqOOTaMl9m7j5gLaDgT6WrsWSdtHn2XPMljHLXhv3U7MgV4Zhf1Wcom8bUdA3IYG25pAUrMuA8B3P1WCzKkZ4jI1wHlalZqDtw/dhV2Gqs5OhZkQkVY/KkbIwnwEWsL/ABAFtPaAPZPbnQ1+ohRsyjXzo6KMydQVOMmVgoOH3XPxZ0Dm7fmS2/O1aZkW2hltcPchU8TLK9fBuxajkNFW0q3HqYA3Swhw8+FzrJXAWJB+VYjmlPus5Q+DSNzN9ufgyGpcVu09aHKNmlzO8DKWO2Z9U4AKZsoA/VSrs29M13qXwXpMDG5dG7n0tVzgtJ617qNkhvwvKf3kn8ybpDEX8Eb9PA5DnJnybW8l5H2VkPkHLjwml248cqd7J8aIO4jHSej7hSMBadvfgqN4N9E3lvJCruEYlrezpYJ9UjgHNI3V7qqZDXATmz1+pZyfJtEmDGtNmX+qTbR37iR/RRnL7unMYXO8gPrS5Htp8WOxnY2R2PqWd8znhtjGxhueD6OI/SPW/JVSnLiJMrIQ5kdjM6MQyySOYI4W75HPNNYBzZPkvHO3f7QGjYUE+mdkXPzcwt2HMPEURurZ/N9vqvK+3vxa7VdtHmGSYYGA62sxMJxaNvkZHea4d7nNDWs8Qa3ab4r6eq6qtM/6zxtT6hKT219F3VNU1LVst+fqeZLk5UnEk8km50gvgHyAHss5znX+kp28+dge6UOB4BC61iPETzNzzlkZLvNpH2SAE8BSPI2kKPnyKuQ3kCHAXtP4TYy6yDx7lO8Xm7+qQ9EIFZYu3j8o3Na7c4W3zTCHVwCSpcaN88jYQ0+PjoqylgvCOWT5OKxtOZQaWDafIm/JUZS+G3GyAaK3nRvZjYrW7JXY8+0gG9w9Fl6nG7LzJpoWUzrsaOgHUrOE+Tqsp8cU18nXfC/XtM0zWMf/ABQxDfKGiWQAsjB4s+3Kb2l1YR6tm4WNKz5YZDspmwUDIHAbg7oQRfhXJ4uIGBru92sdyS3nha50XKZpRzTjsGOJCwv7zc/j1HkuWdNcbfLL5O+nUXRpVMF0a2ja2/P7+PNLSJrJPQPAHPHlws/N0rGmEjIsnYC0uhk8v90qhi4RdsZHld082RZoji06PP2CSLI4JNd43xd6RzyP4aq1PicJt19MxdqnBKa5Ex2ZUbohNHslY0gSVQdx0P16fdE0h7ju38Nc62x3/lv86PmEOzmueHTNfueORXAHlSSQskDA9rmx2NxA5bZoH80tue2c7S6RXkxnQx/MRyCgaPPA9f6LT0jMx54jpWRy6R1QkmiSeiXEhk7rNjxZ4pIom/5clb3+paOp4tN+UbpWqCdkoY9vdzbyL2Bwqv6rGyW7h9l4U7MNdFibGeSyFsYhyobjc4mt1c2fr0+6qHU5GZMjBFtpoY9lcX7e60zPjNysWCIT5kj+9kneGkdOeD7cKjm5TJTjVE+QiN0T3EUS8usEDz44UVyw8NG0oLH4spzNbOy2A2OXNPUKsyDaSSCtjP075OCYQRySdzK1jXhpNgt3Ov6LDkyi00eLFj3C64SOO6t19klBgLjzRUrnhzQzaQT0PSlXjcZGHcHUfRSEMYzdvJ9PZaNJsyTOw7CfFHtd2DzGZGjZ7jhg1NidIpqHO5runF0R50vqf4ffHPsZ29GPhw5Z03VJf/6LKAcHGukb+h+i+KsVkuTIIMdpfK79LW9XVzQXaaR8O+1mx2rGOPGZjQuy2SPm2bQ3rXq4Eih60PNcWojXF5bwz0NHO6T4WUfeEORJE7a4jw9QRSn+dvjaPsvKPhR8V8H4laYMWTvodbwIY/nYj42SUNjZWuHAsGiPU+q74Nna4W83dfdYbUerGTaOhZm0yw3lWItRkrwNAI9lzrHTiretXT5gJCJG2CFnOGDSM8Fx+o5TroMP2SxzSSfqbz7KlLPskJa3j0U8eVI6Pwsr3CjHBXdznJtYsL3tFNN/Ra2OJYo75XMwZ+VHRbY+quxajmSU13LT15WUos6K7EdTFkSgirNeQV/vO+jDH2L+y5vAySx5kcBx/qtbceQ2doaOL81zTjzk6IvgH6fiyvp7zXn4lm5+n6ZightucegWrHhteSC93KlHZ/Hf45nPd710SNuxkOO/k/EpCEL6s+ABCEIAQhCAEIQgBCEIAQhCAFY087cyM/X+xVdWMAB2XGD7/wBijCNnf5HzShzb/UPymAXz6Jm124HafwqFyW/CSE3cfPgJQdo46pr3PLSC0KUBhaXO4/KURkG91pzAa6J1H0KsBnTkhSOyLbsDSkryKNo9kAAuJADd3PQldH2Y7Ian2tkm+RMWNHBQkkl6EHjj1WHjQSzSsixwXSvcAxrRZcfIV7r3nsdoGd2c7LxYep4DMbKmk715bySD0a70PnSlLLwDK7NdjYOyffvx8900krAx/FN4PktwSSA/qP2UsrSXdOEwMFrZRSWCuR4neG8PNqRuXKP4lFtand3/AKSo2obmWWZs1fqUzM6b+ZVGMoJwBvom1Ft8jQZmyHhzuFYZl2KsLNAO08FSx8dVDhFhTZptnttBwv6qRuRL+myR7KgDxweU9jnjo5V8aL+Rmi3MnYPC1497UrNWzGGt5pUGPkrxHhO33wo2rpovG5pdmtHrszP1W4+yuQ6+4jpz7rnmkbhynk8cOFqkqIFvczi+zp49fsgPAr26q3FrOM6rdV+pXGh7wb3BPbM8Hhyxlpl8HRXrJHcN1TGI/WD7WpotSxyQPD+Vw7ch4HifSk+aLWEtlNj3WL0x0x1v2d38zjSDkgfdRSGA/pNlcY3PyA22SOJ8k8almgdXCyB97WT0rNlronWgxtNkj8ovcDLGCGtG7eKAAHueAuG7QdsouzGly6xqkcrocchrmt4c5xIAA97P4XhfxA+Luvdr85smBkZGBhtZsEMclF31AVVppZFnqFaWEbPbn44dp8753s9puPjaXBFI6KSaF/eyyNDwRRHS6/C8rfLLK4umke917iZH7nWffzUQ72yS79RtxJsuSrsrrjHo8a66dkuXwOcaHCjD7NFK5wDTRtR0CNxPK2MSQ04UOUwbWnqLSbtviBUYcSS4pgDnvNpN5Udvc6mhO2y/xEUhK7F3lLud6JlVyEFzvJMGhIC8+RCtaO2V2fGQC4NNmh04VFpeDbiKW52dEcc008otrY/yfJZW/qa0RUrFk08iKJjSIQ22O7yr6n0+qyM2BmnZr5gB3VbGN3c+IWbH1Wrk5UBZu7xzQ5ocW7fOx5rnZJcnLyBG5w/eShoDuvPRctWU+Tu1bXCj2aGiy79Tc2aJvdZDDjvGwOawOBF88ea7/T8Lsrndhp2QZUser47cgZDxIQyaFr2hjdo8I5o7vOlxE+I/TZ34YLTJG3c6ut9QPzSuwsyWeIEx7Y274x/81jub9xaw1MFa092MM7NFN1RalHOUZDsfJnAYyzTmnxG/D68eS2OymHp0ubPBqmE90DxJs5ppcGEir9wFE8OxY3yRfrLgel0y1m6rqGSzH+XZIWuvcNvBr1C2TlNbUzlsUKJKUuhmtY0+nzXLAWMcP3bD6WpRjR5kPfRxva8xtseXUKhlahJmMgZkPfJtZVEf81tYLTkYcrcaD9MbSXXwKIPJ8lpJyhFbuznhtsk0umaHZDRXZ2e2J7Q7aS6Qk0C0C3c/QFZeu5cGdqWXnRsMUBcbYOQWt8IbflfT7rci1HUYYhHp4YwNxzJIGcuI6E/TlclnZDZcgxRuEbHgB/sbWVac7HOR03yjCtQ/k7XSNFxjiPljZvyA0SskD+kUrDuirz2miSuV1vOgdrEbMJjYmQRiIOvjeOdysHtTLiYkWPjsO+MGMvHmKXNiQySPkmu7ta06eSnukc+ovTgoV/3N09oM0QS40LhI2bwv3D+LzIVKCIlp/d2QNvi/5KKFmNM3Z3m0nztTNw+6cHMnd7WeFtja+DmlKVklKYogp+7cWmj/AGSGMmMMMt35Vypdrun6j7JxkjZTnAivOlGSGkuhmCzKgzYJ8J748iKRr4ntIBY8G2kXxYNHldO3tBqT8V0OoZU0gdI6XJ70kGWeS3OcWjkG2i/JU4Bhv0752SSsiNzdrarmx1+yy8/O3bngtc6V1uF+awlCN7w10dcJy00cp9npvwR+Jek/DjVszVtd0rJyMfVIBjSuxnhrsdoeCDR69OnmvrbRNW0ntJpGLrvZ/MblYGYy4JGN2tLR6tPIcDwSvz8w52MjLCw7HkEkn0P9rX0n+yh2j1bJw9U7KSxyyadA1uZiv2n9yXn9BPkHCyPWuFlqFsW5nXo7vJJVnvjopALB5VnF7xrmlxKQQu62VKyGSrBK4/Nk9PxP5J5Y3vG5rHH6BELnsFOYR9QrGOHBot32U3ch4sqPIPG/gjLyWilZikIjNGk6LFY5u0EWVYixmxuG9p2/RVdiLKprkignnBoErYw8qZrQXbqCy5DGx1sI48lcxcgUNxFLOzDXBeHZsDUHAAtL7C0MXU3cBzz9CsWKaN1CgpRksY7gLlZvE/GVCEL7I/PgQhCAEIQgBCEIAQhCAEIQgBWdMr56O+nP9iqys6aC7NjA9/7FAjckoMJZwfK1HCJHyAOI2+aldEHUDI2vqmRMEbr7wV9VQuP7phd1Cie0NNVYUm1zia/KjLyH92QefNSB7XsqqopbCQR/xEJfD5EWrAjcDfQoaKNlppSAE8BNedrT6oCWOSNvJdsrzo39q817R8PNJ1LG0IajqGs5GYMpoMMBduZC2+pPmfKl5R2S0VvaLX8HSTP3TciUBzwLpoFkfcAj7r6OwdG0/R8GDSsFhixsYOayImyDfJJTdtNVHjCMlzSeCENhs9OFuDAikdWwlp8wEp0iLq1xHsVPnRHt5sxm4/N0aUohbt8lp/4aW+4S/wCHn+Q/hV8qI8EzMbjgngKQY1G9p/C048EA9OfRTNwiXAbD+FLsyQqpGYIPD0Stxzf6f6LY+QOw0036Ulbgu6bSD7hN5fwszGwANs8JzYRdg2thunu228AjzT24ETht4BPmVHkQVDZlhg2pNnsVsN0kn/LIcfZOdpGSGl3dOr2CeRE+3aMYR8/pP4Tu7C0HYD2Hxgj2ITXYrQLAVtyKeNrso92EBgB4Vt0HHA5TBEGmzwm4R6INpPFFSNi3DYOp6KdsdkcGj0KlnZi4eNJmZuSMWKEW6ZxoMPkefelVss+CnL3GHD8xl5UUEXHjkkDG8+548j9VyWtfFvsVoRfHjZLtSyWAgR4rCIiem17ulH1Xjnb3Omn7UalBH2gl1fEOR+7nD6Y4NHFNHlyefZc73haKotHoDwfr5qCm43+1vbbXO184fqWXsx4nl2Phxf5UI/lHmfqVgDjxHySCQONBqH9KU4G4Tfbgldy0gKO6Sh9HkUqlRKI6pD0QXEn2SOIrqEAh6Jqc7mqTavqgXYhPHB5SAvJolO2j2ShtcoaiUfRCcmEEEXwgB3Tp05Wvpb3wYss5jc6ObwtIHAKyo2948Rg8lauU6SHRII42lvjNrO17uEa08NsZPluk2YrWklpskeakx8WT97mbCHY5Fkj9LvIH3WfgZDIcqKXJNsa8F3F8XyvSOzz8SbVcfQMjHhy8LVJBjsmDdru9k4YfeiQue+Xijwjr00FqJZm+fg5iLIeydurSSx5GQ9rt0bm7gTVdB5gkfelsajjZY00ZM87JDDFDHGC4OcQQS4CulH1XLZkjtMnkwyx7ZYpTG6NzSC0tcWuB9DYB/CcdQzclvdRRSl+6w0Anj1WLp3tSzwdEdUq1KI7V9RDYxHAza4sAJvpysoTnJIfI4cM2Aq7HgZUji2dpO7rx0VGWAw5Bxw08cgUuqtRj0edfKdn5S6I2N7zaHWKK3MLLmxhGxjmgPcGvHUV52FjRuDJOerTdea2dIgflarjMixzkb5GHuhyX2aoe6m94jkaZYkkvk6XIwmdnpY44cqLI+ew3OJaL2tPO36+y4nU5IjmTCKMtYNuyxzdc2vQ9SgY7LGRHGBEHf5fUhg4/APX6Lg+0OxuqZDA6Mjd4dhBXLpJ7pPB3+oQ2RSM4vshRnqlPRIAbXonkj4nbbPmp2ZL202R24H0UDRzZBITjR6NP4VZLLBegy4mSOdR6cWrsXcSxske8NBuh5nj0WLRJHNe6ste5sTaeP3ZsC+qpKJpCR0eC49xk4zcXaySVh4G4urz/ACsPUMSTFmllDCWiSzxwF1Gm4jZMSQbnDInbUbfNp69FjY7MyWCRk4a87jC2+skg9PX3XLCxR3M7rqd0VFfJDpsInMUOOxzy+O3ezi4UPZfRP7J+WzB1XtBp4dhFk2PC8W/9650Z2+D1b4j/AFXiLsXH0nIm02O2SFjZnEuLD3ldARyGr279lv4edphqOZ21dJEzTwx2Be0Oklk/UY+fE0N4O6uarzWGrsjKDlJ8HboKpRnFQWe8n0lFkxuBaaV6FzC3htrOh0zLa472kC/Ra2PgyMis2PqF4/ljE9+MJdMmhjY8ixXurjcZpbwVBHAdvDxY91cghkABB5VfMX8KHQYlODiCAPNWnmLhm3r5pIxkAgFnCnED5OCwc+io78fIdLKT8aKTgVaTuWxirC0BhOB4ab+ia7Tn2C8EfUJHUZ4KeBkUADadY+6lt4O4MBA9FI7FcG0xtn6J0UGWSGiM19FPliS6pH4yoQhfan5wCEIQAhCEAIQhACEIQAhCEAK1pjgzOjc7oN3/AAlVVNif+8M+/wDZAjXe4vcdrhR90mx/8yjuuQniSm9ULkjXyMHXhG47g/aTSiMvHVPY6+EBYM4c2g2ioGudv6FOHVNJ2m0BIHm6B5SOjc7kuCa0tJ3Ai/RP3E9UHZvdgznYvazSTp+UyGZ2Uxoe7kAE0f6Ej7r6oy9PfDM5haGv3ES3/F5g+y+PmPczxxybHNN7hdj1qvNe6/BTtlm6vpk/Z7UMqafKw/3sW42O6PqTyT7LG6EmvxO3SzhhxkenwQOZXhBC0YIoCKdC0n6LKE2SDVcVd0pmzzNF2VxShNndG6EeMG9BhYbgN8bWj1pXBpunkDlv4XNM1DKbw0H8K3FqmS1tvbwqeKz7N46inHKN5ui6Y/l20j8J3+zOmP8AFG5jXeXjCzItX3CnNPPrwrDNTYRRj/8A3Kjqtj0yyuofwTv7Msb4mU4D34SDs8K5xr9wpI9ZbG22xnj1KuQdoOgMbUzqEi+dLIpR9mS542wlo91MeyspHhh3H0paUevMdQO1vuFYbrMZFCfn34VPLqPomMdL9mN/s5lQt3fKdPRNbp2TG4bscgetWt+PVTvBEjH+1jlW26vBtubHYR5rN33fRtGrTv8AVnMS6dlSN8GIJB6bFUk0qO9uVpj2A9SGldq3P0uTkAscllzo2DdHlMc0fwFl2q+6tXUS60VMlnKOCf2f0yQnax7Cs7J7Phrj3Lg4NpxBPQev0Xoc+dhyN2TYjHbiANookk0B9zQ+68T+LHxy7P8AZSKTReyGPHma0HEPked8GMQaLdw4cR6eS2o1FtksYOXUabT0QcpPki7a9rtI7A6e/I1GR2RnO5x8NjgC5t9T/p/uvnvtX8RO0va57najnTDEHiiw4/DFBZ/h8yfW1ma7r+r9pdQfqmtZ02VkycOkl55/laB+lo91nO4FlevBNLk+bsw5cA15cGtLtu3y9Ux4N2kby8V7p521RICuUGA0bUckh8uSle4A0CKUf8SswSxuvk8IdRPVRjqnVaoBCaG0JE/a31QGA9OUA0A30SkGlLtDW2mGiKtAuyNOPDOUrdrTfWk8SNfxt/oho+hrRxRU+LiuybBaePOk7FaJgdjLeOAPVbWl6c6KfEyXbu7lLnOIHh2iwT9L4WVtiri2b0Ub8JmbkY2NFFE1hAlY9oJHU2QP+ak1hj26Lp+4g2ZDbejhau66IwMvKiiO1ttjaW1zXB/KpTTw5mjysdHtdjvjMXPAseIfnlZVy34Z0XKMMxX0YrDtcHUCAfNdXomTPJjNMXeRvxpBKx5BBYQbDh91zUMLpLYwDc7jlbOmSyY8TPki6WVrtkjeoIU6jlGekb8nBTzZn/4tLlSvD3yyG938QPJP1JorexSx8/fGNrI2RgvI8qVTtVp8QynZeMNrZCy2/wAjq5+i0dPx2OwoQ+VrHV+9BPLmeY+4WM2vHk6qobZyiy7FhNzO9yNm3Y3ih1sWP6critUDm5pey9wFEDqOV3ub2g0jE0mR2Di9w6Z+5rN1uNDbyOo62uDZFJmSOLnU9zib9VXRxlzORbX7MxhDshxGwue903U8e66rs2MvR9diz24rpJIGb4WgubbiKBsDyu/ssbDdDiFwdGTIOhHUflb2kd5M98UmU0SZTWxtdJHuLeRYH2ta6ma24ZnoYfmpfJ3XZTU8V+l60dX7Mu1Z84hDpntHc4rXWXAydWk+XqaXnnanR4sDS8DJe7bJkF8gjYRTI7pgd53XI9gvS8vMwMXs1F2W0XUmbMMyPz4vmXbTs4AcOhPisAnrS8y7aa4ztBk408eNFA2DGhhaxn8rQeT73X5Xl6De7XOK/Fnqepzr8Ki3zg5d3d1V0UymlttN+XCkdE6wQ3qQBx1UxaYsPbLFsc552kir+i91PHB8yV29EqBzwE+GJ80jY42kucaAAvlXbwEsjNpdwAr+HADe0bnDggCyL46fdQyYzYiA6Qe4B5WpouHM+drnAtia4b3kVu86tYWT4bNqYZng6rP1jFx8QywtaHsjZE0gdXgfqWDpOSxvyUry18kIfJK27G82L/qqOsZLH50kUDj3Qd4QnYUEllkX6iCT7ACz/S1zV0qMGn8nfK9zsS+jVz8iTLzfm38SVZIIBquvPl/yX3p8Iuymndifh5o+C2Isy83Hbm5skll8uTKNxFfw00f29V8UdidO0bI13CyO0mRJFosE0L9RkiFyNgDwXUPccfQr7f0D4o/Djtc5kHZbtDDkBoEePh7O7nEdcB0Z8RcAB0HmvH9RjOxKEeke36bOFUpSl8nVx/LyOHib+Votxo5I6a37rChztPfbmSjz4cOODRWvhZWM4CsmBv0PK8jwyj8M9uNtchX6Q4HdG7g+itY+kZLqoO+wKuY+RIRtEsb2LTgy3xsvu6HqAozNLkutrMxuM/HG1zSXehCu40TjRMQH2Vt5iyCC99X7UniKKNu5pc6vTlZt8E4Guw5HRFzWAn2Cy5jkucWgCx5LdhyhH+ljr9wkmGPN4hsYT1JICrGXJJlYjnB7WysoeZpbeKMUgeJpPoRSpjDBO9jg4extSsx662Ek38EI/D9CEL9JPygEIQgBCEIAQhCAEIQgBCEIAU2GLyWD6/2UKnwf/emff+xQI02sF9E/ugeCkcdotJvJ6Whce2FgNminFrf0tbXuo2vdfQpzn0EA5sZB3Xaa5pPFJWyW2gkcXV0KAaWVy3qkAkPFqUAFtuNfVDQLsEIBY2E+F7d4IILbr/16rU0fUdV0bMiztLyzFkQ13brqyPJw8wen3WbTuotSRuc2i93A6oE8PJ9eaBkSa9oWDqsjonyzQNdM6JwIbN5t49r4WmzCcBZulxX7OTYczsNkRwYs7XwZjhPI8lzXGuA0+vRerDA8NbT+FyTe1nopZSf2YgxDt4afwnjFJFFp/C3GYH+n+ie3T/EPCfws/ISoMxWYZr9J/CnjwzxbT+FtMwOP0n8KYYHh/So8hbxox24nh4BUjMTyorZjwP8ASfwpm6ebHgP4TyEqBjfKENJaDf0TflpfR34XQHTyIydh/CazCIcDtP4Uby3jwYzYJR0cWlI9k4af3zj7Lafh8/pP4UD8OjZafwqOSLbWY5E4F948JC3Lc0ljnPoE1fHHK1nYdsJri9t+/WlhdvO0WL2C7J5XaPN7kzxtHyUcn6JpS4BorzAJBNdACVMfz4RWcnBZyeZ/Fn425/YnMh0LsxqMUmptaJJ8ggPGOeoZXr7fdfN+dmT5+ZNqGa/vcqeR75Hg8Oc47iaRq2q5Wtajk6tmOufJe6Z1cC3Hkc+h6eypbnngAhdlVUa+UuTzbbZ2PMmOBduNg0ldVeLoo/3h4LktEcuNhamQpDQ3cGnjzpQSOJ8lI55PAPhTbA5JVgRBpcLANeqNlc0rr54O6/ewNB8nNd/yVY7XHdED91AGNaSaoqfui1viBCmhhfKxxAFN6keSie5xvxA15AqoGOYKTmNA8xaZvrqEu4v8LWkE+yAe6iKTWhod6p/RlEcpga7eDtNc+SErsa91Gwyj7hEkweB4NoHWk+UW4ccJha0hC7Zq6K/AY35jUXkCM7gyN4D3Hy/rSv6bnVDkQNmiLJA6FjXnxNBO7g/ULmmna4A9FZ07Tc3U8uLDw2OkknkEbGt67if+XX7LC2tOO5/B01aiSlGEV2WNTOTG6fT3sL9padwNg8JMyFmPhBsTQe8kaTTr/hW1nYbWsnbJkR5TsGMxvlYQRu6dR154WBm7SIWsf0jBPs70PuqVNS4iaXQceZjYhsb3gFkeSuafqPybJGhzgXEOA21ZBvr9llGR7ejuFaZEO8xjISWFw3V5BayiYQl+aUR+Xm52S5zpnyBsrtws2r8WNlvBHzDnDuxxXRWoHQSNyGxQCTa4CPi6F9VWbNPA2XLge3aHU5p62PKlj+7wkdW3HMmZc8ORE4GZrxtP8SkxpjFI2QjgKefOkypu/wAoHc8U5u2h7V91V7wxuJa0H0voPJbY4wcuYqWYnQ/4d/iGM3JwWh0j+KHPKushnJdouBjPnzY42vGxpLtwINADm+qq6C+WMDPgftv92+M9BX8Q9vddCcU5WQNS06c42ZEA8lrg1zx5ht9SRYXBZNxliR61MVKO6KMfU9UfOx8E2CXZTe+LntO0ngA7h51z+Fzun4zsZ0+TlAAYzNu154e4kCvqLul6f2Z0bszNqWa/OcIoXt7uJkpt5c8eNzj5Btlxv0XHdvcTT8TNw8TT85mUBj95K5hFCQu6GvOhajT3p2OtIjV6eSr8kvg5rGhlzpbBDQHX7N+q0e1sGPDrU2NgOEuPFFFGHNO4by3c4gj6LMZJNEJIGkMEo2l3oD1VzTZX5GIcPFZ45LdKf1bi00OfLjld0lLO5nmQw47EZ2PjvmmbFGPE4106e6vRY0mA2PML23HJ3dA8k+blNBpuTEJ8nyYLJA6eShcyUQ1I7ew+IO8r+qZzwW8br5fZTeTLICQbLXf3Wpl5vdhuPA+meFxLT57aWe0BsgNhTd1ubuAtS0uhW3hsdH3YdvmeC3qTfK6TS8Nk4MvSPu3F58wNpr89PuuaDPCaAuvNbeg5b8aQxmzHKza5rvXyr70sbU8ZRvS4p8lnCc+WbJ0uKVzYcktBdRNtr9PvyvYP2bew8mpfEaLUsTIqDSIZs2eQWNwPgY37k2PoV4rkBkUjonND958TL8vf0+vl1XsHwD+MM3w3bmPy8eXO0Z8u7Pw4wGvMbuI8gOPP7voWed+65NQpRhmPyd+nmpT/AC+D6ykwi2UxUG8EhvnRO6z91M3Fc1lA/gp2g61oPa3TIdY7M6nBqGDM4lkkNDZxyHN6teL5afqtUYnh6FeXKw9WENyyU4GZLG3HMWn/AHlciyNQjHOQ4geVqWPD6cFWBiDb0WUsS7LpOLwiJudn1Yksq/ia5nQ1uaDXqoo8QccKT5X/ANUsZQh9GylNfJoM7RNq5Ibd6eSmHaTFc3u34VX5hZPyteR/CVuNZ5BWTqj8Gsbpm/BqmmStpspjeelmgldkwONMzIyfLxhYPyvp1QMV18kkKniX2XVz+j8ZUIQv0E/MgQhCAEIQgBCEIAQhCAEIQgBT4AJy4wOvP9ioFa0sgZ0RI/m/sUCL8jXC7KViszNY5pIHKhDADwhcEV6jhKODzwlHPRAOaGAcCilPRIweIX0UtN9QgICLFJzWgBKW0bQbrgICT+EpBuNtYTZBHBA6j1KRhJ4IKe1oBDiwurmvX2UPoY3cI+sf2aNY7Iydi49Hl1GHG1efKmmdHK4N72qA2k9eL/C9rl0eSF1PaBQuvOvVfIZ0GKDScU4LI/1MLXRv4os3EW3zBXZ9jfjt2m7IPGlarnw6tp8RAbi5nMkY/wBMn/VfPvVOc2vo951OCSl9H0KzTwbc0WG9SPJPbgi+n9FU7I/E7sL24MUOJqRw9QeOMPOIEgNfwydHj2C7B+lvikDHgWeg8yiuy8F1WjnfkQDwOfopWYXFFp/C2fkgHg0n/KexVnMuqcmSzBFWB/RTDDO2gDa1Y8QDkhStxQSqeQvGgyWYTuh/CV2DTSdp/C2BjAG0r8cFpFdVVXE+H7OekxAL8q81BJguML5jIGw0Q6Qupg45tx4HH9Fe7RanpnZrQ8vtBq07IcTFhdIZHu2tLujBfu6h72vh/wCI3xk7W/EbPyvn8/LxtLkl2wYMMzmxvAHV449L+oC66IS1D/E5NRaqePk9d+K37RbOzWrT6D2GxMDUJsfax+queHQsNVtjjHof4l879se3XavtzqP+I9qdWyM58Ypm7hgP+lo4A+qxy4QDuoydl2R3bRf3uyoJC55ppr2Xp11Rh0eVbdKZE54Lq2EfZInOhO0uc8BM7sircFsc4qcwAuG4cJ5he2Oyxwvpx1SNa6q2m/SkBHJsPhaL+iZsrqFOICAXPa4fZOdC00ZZWk+QaQfyoBXbEHOAdwPUq1iHCx5y94LiAaAFg8Ku9sYNAuP0UrHhsdbOPfqql49DZMiR8pl3lgdxsA6/VQna0k2OU98jSa20oXUTVoWBxBPBT2OAN2mNj5uk4tAF0gHOcSeRx6qQuGwUb+iZQcwhMadrq8kIfQ5znEUQUxSOIIoG0wNJNEJ2Zj8eCTImbDELe+w0eprhd38MDi6TLn9pJ8NmbqGHjulwsVzqY50fL3H2DQ7n1XExMe1r5GseQxp3Fo5aK6/X0XpWFpmjaV2Zjn1ZwdFnvaHT47t21hZ4nAjq0Nvd78FcetsSgofZ6fp1L3b/AKIcbQotQ7I6pr8MrXuzzILH6mva5rzFt/lAde7z49V5k/fZDgTe11/al6nrDodL0ePExM6KXuMOXvJANm8Sytay2+TtjWn6FeYFrms8RsjhZaHc90n9/wD0aepNLaofRCAL8Q4VtmQ07GkUA4A36Xz/AEVUkdFYwy0ZEZeAQHWQfML0H1weZU2pYNzFa3GZI+COQiV4EIo2a5v6InkhyYmyN2xSveY2tPQSAdXeye3X8bHy+/hgl7uhtDRy2uq6XRtBwdbxMrVJJ48RrGPmjjI3OeQKPPlyQuKbdTzL5PWqXkW2L6MLN0PCMOPk4uRGWxhoyxVXJY/T/pVKPTcbDikycgu2CN1GuLvhaeNhf4swafH3mDMyN0pBBqQN6n6BTO7Pak/SsjPz21Fg01xPA8XAv63wqwu+GWlp1JuSXxwQ9mIsnJwsjJO10ZYA4VQ6iq+9KXP1ibEe3DkxHRMLQN46ijap9mtSZp+VM+bJEeOWVtHN+1e6ztWzpc/Kc+BndQA+GK9233vzTxqVzcug7lXQox7OixNfxKyJGb2zvjMMZI4t3hc7/wAJcuXmjnbC10rHMD7LSeS6jXPpxymMMreeVegllmYMbIiErADxfPRawqjXLKMJ2ytX5GQWSbwA7k8rT06ObGAm77u282aolV5oWwusDYC0Ac8dfVTY28vaJZaYOgB5d9FrOW5YMo8M1RrAbhuZJueXWwsFGx6kBYj5ZZIw0gCMEkBbGO/Rwe5zMbJcS4EvjkAcKP8A6v2V3BwHZkU2JC0B/eukDnDcdlcAEcLmclW84Zt+Vqwjk6buseL6LQwWMyYzC3gu4v0K6WXsd3+mHJix3GZrHP8AA03Q869Fj9m8fFj1BsmY7/LpwAPBN1yrK5SiyzolXJJ/JQkxJcd5gc1xEZ5fXB+6ttjkwtryQXWKvytbmRiyv+ayxjB8b5htjrnqrWXpQkznzCWNkwDHfL9d3HA+hPB+qxlctuDRafkyMrS9Qky+7EZbKW7jubW4VdD6gGk/Bys3CnY7Bc6BzOHh1Ntp4IdflRJ5W92wxJdP1DADNPkxYHYYdAwEucyz43OPrfA9ll4+GchhfESSHFxfV+XB+lqN6mkbOvZJ4Pqb9jzX5M/B7Q9n8iTToooZmZ0ETfBM57+HkNPLmj1HHIX0aMTiyDR5Huvi79mTVeyGi/FLAyO0l7srvsbFyHZAijxJ3jaJX2QC117QD0u/JfcwxSHHvHC3FxI9HA1+COR6rwdbLZYe3o4udeTPZiCuimGJ4ehWgzHaBambjbm1RXE7WdarM2PEHHCl+Ub6LSbihoukvy98ELPzZL7DLGI08BL8mP5T+FqDGANp3cD0VXbjgKHJlNw+eh/Cd8p7H8LT7iuaKVsVmi0/hQ7kaeNn4coQhfpJ+WghCEAIQhACEIQAhCEAIQhACs6b/wC+x/f+xVZWNONZkZHv/YoEbjxbSEwMvpx7pSXEVSexpIqj+ELkDozu/UCnsZQ4TxH4xwn7QOaQEaB1Su6pADaAcBZpKWV0CG/qCksE1YtGBjQQ4EhPOwgiR4a3zcRYHulHUCr9gtnsnos2ua5DiQNDt7qNkBooE0SeB0WcpKMXJmlNbsmoo9B07Zg4rNIjzZZDEyOct6CnN611pY+v6Q7Kc/MErItrdwJcAD90uPj6zFrs8L8MmcE7wQd4rwho9qNrRbgagY5hnwPbhyEwyF5/y/T6c0vElGMLN0WuT6ZRdtWJR5MzQcqTOzG4MkTmz7Q1vJHNWOnPkvW+xfxw7d9i5G6TJnx6jiRuEfyOc4SBrv8AS8c2fK/Ol5dh4OFinvZHiVxbvhLH8tcDtBcfKgb+ylfJjatmd5HlnFniAa+at3euHQ7fLnzWF0Mz3xIrrcFiR9sdgfih2Q+I0XdaZLLh6mW3Pg5Lg5/B5Mbxw8X6dF1jsQDxMFi6sdLXwoM3O7OZ0euaflDHkxpGOxsqNxaR5uBHuV9K/Bn9onQ+3MMOidqpocHWQHAT7w2KeufETw00OPU0PNZpS2tnYoxTPVxj+GiFKzEbS0H47fE0EFwAJHmB6ojgCz3kuGSk3EF9P6JTigU7ZuLSHAe4Nj+q0Wwi+ic6D9IFDc5rbPlZAUKwjxnzr+15gQs+EsWbPkztmx9Qhij7skMc5wJcHDzAF170viCTIlZGYgbLT91+hn7U8OCPgXrkmbGx5L8V0H+mTvAL+7d32tfnw6GNxJ3A21sgIPUVXC9v0x7qWz5/1GO25lUTh/heCp458Zv8BJ+ihMTQTRTTGSPReieeOmIkNUQ1TQ40kjC4yRtaB1cQFGGEAOJ3AeSHPJaWg0PRAO70xsEbHbq62onTyXdAe6RI9pLSCChD6AzyEEbrUYcaLjwVLFE4kANPIvp5Jr2t3bbF+iFF2LEAXgkpzjzQ6KIktdto36eaNxJAPF+ZQ0GvFnnok2tJLQ4Aj+iunC8G5r2ni+qZ8nNGzvXsoP8AUIOyJkQAve0/dKWAiuFOcGYRmUjgeSRsLnAsAII6+yFdgxsAcKBAtNdikGw6z6BWoYyxwIc0keRKme2XYXBrAfZV3M32LaZnd1zSKvqr5wsl0Ie2Iub5loulBJiyMYXGJwr/AElN5l4zS0KSDHy4ZsmNskXese8O6U1wN+9VdedUuu7NYw7S9sGaLK6NmBkTOlJd4Q0XxJR/SGmiW+gXAiQiBzDYtp6dV2vYKXHgzo8mDI7mcQyt23u3uJG2z5ev0BXDqofhKS7wz1NC27I1/HyQ/EabIws92hZOU2aWEN+YkDNpml58VeQDQBXuFxb4/CV3HxC+Wye1D8kS95JLBHJkCv8A5zh4gPYUFzcmEZHtbGwgnoKWmle2pJmepTdkjD7uni1LGwNeHei0Z9LyBGXmMhvrXCpGBzDV350unfk441uLyTSuhft8Ftby4XVgckLttSjdgdjIIsTKMzJdspfGQHxxy8ujd9wAR7rie6Jb4fRacOqzHTm6a++6b0vqfPlZWRdmM/B10yjBPPyauja/Lhae7TJmQv7tu3DkdwMcSgl9XzfFG/VU9Tyc3OidG/U5JO8Ie8fpadooceahx3Rhwe+EuYOvC1oINFDmhuAIw7lzZHXuNWP60spKMZbsGsZynHa2c1BiF0obHMwO605w5U0mLJjzMZMAx7zTQeL+i6HN7N4U84dpeUO7LRLIZnBjWSfy0eSEz5XNlyPlZdHbl5Tg3a2NpPF8EH09/RWdse2UVTbwjHZjgxmYvY5ouy0g9Ov4U8GKJnMjb4TJRaSase316fdbXaLs/gTCPWOz7cg4xY3v4JGFndP5Bb/uWCQ7odpVePF02F2PLNqL5WOLHmMeEghwJaPYixfuq+VfBp4MdjG9ndzH5ELT3QsOvkg9Kr6kD7rPdoszGMkEToGPcWsJHEhomgfWgTS9R7L6JjdoTHquN/2PG0ufFc90sgFtlJJhc09TwOfWknxBy9LZhRaPjaXDCxjhczHgkSBxd9uBX3XEtZm3xJHbPQLx+eX+DyKyJXHeGOjPjvypdn2E1TDgmMef4u5IyLtrdzPQF3BrrXss2XBiflRmaUSNk8w2iD6e5T2aVi4+YMeQOLQ5rzIP5DyG/cArfUyjZDYzlprcXvidg/Ogy8tk2lQvk+c3DvshjYzV3todOn4XKdquzY0fPa+Jxe2U73Bw27XnyHqFvSHTIdJg0zJmDHRska2WL9QeTub/AEFfRJ2ilytZ0JmoHaH44bDuaf1lovg+pqlxUydTwnx/J3zh5Y4fa5M3S4MjN00GJkrpIniQNDSWuG4AG/S65VvTOz+o5erCHNiccnIk3MY0m2mrN+jKu3dAOVVwJZ8PT44hmSvEbfC2wGxNIs8/xUfwtHT5MzUJceUufRl7mV7QSaI/Tx6j+60lJuXCIhGGEmWu2onxu0OHlHNjnZPhgFkbw4RFrg0xX0qvED50jU3aW+GNmEInCeIVMeCyiN1eR8wfqq0j++fqWiugJbhOL4GNdZYByeep4HRETm6loUEL52H5GQtaa2uY1wJBd7F1Cz6qmHGC/gvKUXJv7ImYZ0rIx9QjMjTDKyUOr9W0hwr60v0m7Iati9rOyeido8R7XMz8Jktgg7i0bXV60TR9Cvzqa2XI0zIjDm3iSxygu8nVwP8AdPr0X2J+x3n5eT2K1bSqPyGDNjTYzXu3OjkmY50rB6MsX9aXk+qS3VqSPU9Oio2OH2e3sxB6K3FiN28qxFG40CBSssgFLwPKz2vGl0UflWI+UatDuR6oEIB6qvkRHjZQGIAb6J/yoV4xceGiU4RuLaLQjmT4kZ/ywQ3GbfUK/wByPMWl7lp6MN/RZ+Rk+M/BVCEL9dPx8EIQgBCEIAQhCAEIQgBCEIAVnTBedGPr/YqsrelAnPiA/wBX/CUCN1sZJFNP4U3dlrbIISUdp6hIGuvguKMuhlHeOClIvgqwISY93S+hTXMAFEclVRZxIdg9QnNi5B239k9jKIJbwpXROdWx1KxUiDWg0Wf0TaZvFClOYSHODndRwSgxN2mhZ9UGCs5rN3Jb9+Qu1+GGvR6Zq3yL4B++dxISA0ACz1+i5DuG1uPCkgkmxMhksL9jmm7uuPMfcWFhdW7qnA6dLbKi2Ni+D37JeMzKysXUMUY2ZW6LKYwlojP6bPrdfZcrrLMzMdPpkediySRub3hDwA8V+of9Vv6X2lizcWbQ3Y2C/GMEcomL7kiFc0/off2tZmbj4WNPLDlNdJJCwtjfW09Lo+vC+bpjOi1qaPqrNRG+vj/Jxsuja1hROzIiS6I7R3T9xrorcWsRTMg3YkTMmBw3PI8TvZUdV7R5um7WsaGyE20E34fcLHy+1OXl5EWUzFiikiINj+L7L2FVK1JtHiT1FdUsQZ2vaLVBrGzFhx3wsDRwWkDd5/0WFiPyNLlOXjusE7CLIBHTy8kzC1XFzXvmOS6CeU7nxdWu+hUmRCTNcZIaf4T5KIU7F430Wsu8j8ifJ9M/st/F3UtS7Q/7D67rAdgzMmlxG5ZssnseCNx6W0GgevkvqfY1riARwS37+i/M/SsfOD/m8FzmPhe2SN7CQWvBBabHoQF+gnwd7R6h2v8Ahho2vanJJNlhrsXJmlbzJK03xXQ0PPyXk66lVPdA+g9On7iO2fZ1waL6hPDQCCACbHH3TQ11NdtNO6GuvknMAc9rfFz/AC9TzX9+F5ylk9P267OK+L/w+b8SvhhrnZJmV8vkyQHJgk6gPxwXNH3qvuvzKyoZYnl03Lg6rAoWzwOA9r/qvt79qX9oSPsjpk/w17IZWFl6lm4csGpzM8ZwY3H9LXN6y1xt68r4gDnTzvJZtJawnbw0UK8/M9T7r6T0qucKsy+T5D1icHdtj2ROmjc0tEZB9a6KO9vJFqwBixmRz2vLvIAcKsHxNJNk+gXqHjDA53J6D0TC4l3I4Ty8Pdta02fZISGnn8IOxWt3Grr3ThBI9hkvws6nypOjxxOK31annD2w92aAHp5/VTkRiOw3Q9w/Hmc5rnncJWi9rfROGnzRyCaGeF0YNlzyAfwqccro7pt/VNLy947xrtvmGuUFzUwtKGoP3DUcWEOeQ8y0QPTj3PCg1XTGaXkvx5mxtcG7m927h/vShL4REZC0xbBxR8/JR/8AaNUcJpXl4ja23E9QD0tBwyfT8GXKjGQJhtafG2+R9VaLRlOLDI0Mh8ieqY6VjS6TEi7tjwARahx97Jd4IPN89FD6JjHgud8zuzCR7AqKTAl299GeX9Qp8ZuTK15fG1o3EgngV6pGTZsUhjgbbfNzhwFRSwbpcGc+KSEkPsOHqke+SwHHr5E0tHYCDK95e93VpaoJ2EjaY2knp7KdxXAyE9ywkS0T5buEkkz3gt3WPNO7iRjC8QA1XQ2rOHAJpCMhj44z1cG8qpKRnNbTwXNNc+S19A1afSZJHxwtdfRxHS/NVsjFc3KcyCAsa/8AS0C7+vorGJhhgMmTKAxvO1vJJ8hX1r7KGsrBaDcZcE0uXLmTlxgMl+IOd5/dOZNLFxkta3jhvnS18STAjZIzJDoQ2LexkTdxfIeKvyAu/ss5753i8kOlLm07ptAtZxwuGXec5YsOM3ODseOgALNu4A8yq+qdnMmHGkzWQO7uEhjnAEgX0VzBww1v/ZI3vnmPdN2+IC/Wl3GgZk2pdrNP0zXo3z6fnzRYk7YIqLH/AKbHqR1rrwsrbFUty6N66FZhfLPHvEKG8UeAb6qYQucywQT6Wux+JfZXQNB7d6vo3ZXOdlYONMRHM5hjLz5hzT6e3msBumsbGHSF1uIA2+Z9AtoT317zCdcoScforY7ZGt2GPrxW7qtDT8d+W8MgnaDW6pBxVE/2B/CmwNFiyGiZuSWlpsE/Vehdlvg3qes63i6Zi5eNPHlFwZkxyBzIhH1ca60XdPM0OpWFupr00d9r4OjT6a3UPbWuWcM7E1fGJnyocqPEbK2J8jW7WBxriz5+ddSvWvhfBi6joGpNx3u0uSIubjux2+KZ1cve8/pNXx5Lf+PWi9nux+Lpfw/+Ykk0/TJXZbO7aIxk94zxzm+WucbaGn+GyOi8td8Q5sPDmj0XAhx2NjEMZkaS4MBtoodTYHiXkztn6lp1OHGX/wBHr1VV+m6h+TnC/wCzuu2WPo+iYGmaVgapFkf4y2MsgfLuysVhkedkR6AbhZjd4iXAjhc634bafqU2q6fHqb8HtBh47svDxJ8ctj1aNp8bADzHKBfi6E+EckKD4W9lcHt/rGfN2ik1MzxQsnbJiNJne8uApx6MYD/F0C9c0TsrpXazsXl6thjHhfoc0eZkS5u52oObZilljkHA2g0WHqDfouOzVL097Jzba7OyrSvXtzUUovpHiXZvMyNJzsdr4+8w8qSPEyYw7ggOA2n0ABdTvULU+JOBiPxcTU9PETcfJkeYoGTAux4m8bXH15DrPkul1H4YZOVnYjMFzDPquWScVh3GN0bgI3kDkFzHElq63Vvh5Hg6zpms4OBi5GEwDTNRbkNMOFJIXd2e9c7hg6eKxVgq3/kdOrVZF88/6KR9Pv8ADKuS4PL+w2j4enaS/tDm94Z5i+DTcPuTI6eaiBz91d13sI5uLk5uhYcsWLpkTWSzzu4cOri4+XiJA9rXuPZ1mm612v7Pav2Y0CGT/AsPu24zXMiEsjXOElB/BLRTR/MCCPJZvbeTs2/st2u+Q0bUW4eN8xDO6Z7K+aJG11tP6Gue326DzXmy9XnPUqCX1/s9JelV16ZttNYb/wCj591XszkNfFLA9spnkYKvgP23X19vNdZgy4uo9j2aDj40PzGnQPdm5DgAZXF1tNeXSr+y4fG1DL1PUWsypDkPlIFud3bTO0AA+wA5B86XbdijjRs1zs/FHNPFmMcJJcdhlAZH5hwvzN/Yr279yqW7tHkaba7GoLCaOS0fRZ5RqH+KOGNhQRkP3+F25wpoAPuQfpaz26hNBiuhx3u3iRs5IFNtvA5WrDnyZWW6DKyBkuc53dEcDYxpDdw8yTQVXR8CWabIkcY9vjdscat5BBA9ha6Iyb5ZzTS6gWtDjknwpsjHiHzTZRkse48ulv8ASf8AQei2MbQIpO0+OIcR8un6zFxjMO1+4+GRv1DyHAegVfRcCUYGQMXT5mzxx2XtdRouAv6WefZdHh6Zr+PrelaXqmA/Glmy/m8J0pMUWzc1pDD1FuIs+64rbuWk/g6oUZim0dTDgaFrmEzE0yDazGw2408j46yJXxbv3W32q786X0F+x/pUceka5JiTSux/lsZkjX//AJm6wfwKXAYej/DvA0zOlxt2Drrnx5kU7ZHvZJIwEuhIPABo0fM0Avbv2btQ0/UcjtBHp2JBjQv0/T53MicDulIdv4HQA9fQr5W7Wu9uMc7T6WrTeJKU+1j/ALPUWY4BIAVhsApXG4oDnOroaPsa6J/y/sVyuXB04KPcj1R3AV9uPZ5T/lgOQsvIydpntx+ehTu4P8v9FebBzyE/uQOQFXyMnYZ3y5/l/olbjm+W/wBFf7s/yn8I7s/yn8I7BsaP5+EIQv2o/FAQhCAEIQgBCEIAQhCAEIQgBXNHc1mowucCQN3T/dKpq3pQJz4gBf6v+EoEdOBBKa3EWpzE6JlbeD5nqqNOB/S6/YcqTvZw3cQ9xHSwjNF2WO7kB/V4W9LTi3vYze2x0APKSLKd3dvA+g6pHZPV0bwXD+GuVQ1+CO68KkbRbW4D7o2STjvAA2uoPmoZu9jNOpDPGGShrnutx4CmjhO0kg160qTcjaLIv2S/MCw4BwPpfCF2Xu6aRyQB6qF0QlsBwB9SUwZBc0g9CoWCXfZdTfdSV3Nmtpet6hpGXHlYmTUrdrADy3rXPt6rYd28lfh/vcZpyTI54cXfqY8HcD6EOAr2XItD2vu79kji552kCllOiFnMkaq+yviLLWr6nJqUwyHxtaWt28FZ4k5pWe4aWEKOTHAcHN5I9FrFJRwjFuTe5kkU/dgO3bSCKNrrdJ1TAk0vdmOd3jXckdSFx3dP/ijdX0T2zzNHdsDqPHRQ4b+TWqxxZ6Lpnars5FG+DJyJotwLQ5rCa49AvT/gL8e8f4fdpIsN+sO/2f1CVuPkwzEtbCL/AM0E/p5qz6WvmuRksEjRKTGXc+IUVo4uqNiaGiQNrqQBu+y57NJCaakd+n9SupmpR+D9LY/jd8GcnJfh4nxO7P23eGubKWAA8/qedrvsvHPix+2BouladLovwpjkzc9znRO1LLYWQY7ejjEw8m+efe18ePzhI4COOOQnqTw4fdQuzQy2SM235Hm1yVel0Rluwdl/rV90dq4LOoann6nkz6hnZMs+VkSmSaUmxI49bvmlFLPFHHuDG3511KpfN73FjRwU2V287Q4L04xUVhHjzm28vnI2SYPJPT2UbYgQSU8MaBbhdeac6VgIAFqclMEbYqdYH4Tmsho7g4O9wlM4aLA5UTpC82VBPBYa9jB4ePdNfLv4J4Ka2nCuqAwXyEYGua2qsJpjLhTTRVhzWmqbSTYBz6Km4vtIRjuqnuseis4+2OF0DRW8dUyx6oJoWFO4sooVttYGl4/KmxiA8E1XTlQBm8+6fewbUkkyyRtMzY2Y7gXMH8HqVTGdF3XdOYdwPMg/6KnvttWkAN9FnguXX5nADTuH05UXf+IODOfooefIFB3niiFILmPkvErnUwj09VK7MnPhYyMX5E0strJRZBop26T9Lr+qjANFk21z3bAOnJd/ZXG63AXsdkYrZns4a+qDft5rCaHE0HFK1r2gkqpCZsZGotlnLoGhrD1v/krum52DW3KpwPlfJ9FzoedvISh5Hio/YKrXBopHXvyxkRkCZkIBG0M9L5N/RdPpeZqODPp3aKfLdi/ISB2MImAueB1cfcixfuvLmTyDljzdHgrU0/Wc6APx5sgyRuiIaHHhppZOvPDNoya5RP2hc3Vu0eZkiQEzzulDHP3fq5vcOoJ4XZdkNG7K5uYGa9lwsghZvEzTTpJGjcYa8qAsHzqlxnZks/xQZRx2ThsfijlNNPtfkvUPhj2Yx/it22g0SXKj0l82DPLGyGEuGTJExz2wn04bd+YCx1UtkMdJI6NMv+RPGWZ/aTQ9Of2ofp3ZnGhGjxZDooZXvbudRa43uNVyV6Oc/WPhZ2aytGj07I0nURm/vppg7djb5GPDtlVbXNadvn081zPw67OHtD8VcIPix8j5OeXKnhexzo8ruXbjC5o6N2scd3ntK7P4yS4+P2N1fOyp8zKy9R1wTxmbiKXc5znTRtPiaGt2xgHgg2vn/UNRCd9eilynhnv6GpV0WatLH1/B4j8Re2ud2k7SjWXTuliaQ+BsnJZZHUedkFxHldLKk1rFmxsTAfgwwMjD3ZhBB7+VxveD5DbYryWPCJZskNDXOad27cOnitaGofJio4GHlvjNc151/ZfQVwhXHZFYSPAlOVjc28tnqGp48Hw/HZ/TcV+x/aKKKXW8ZshY/C3OAaNzfEB3ZL68yF3vxg7XQYD8DTPhVnx5mn5MLzqcAYwAlu1oYHfqNi3fUL5rdn6lk5HzWVlZXfNDR3okcXFo4aLFkUFr42ua3jQseXskMUoeJHsBea5HiPNevta86706FkoWW8tZ/wA/R6NPqE4QlXX84x/B7FH8W4crN0/O1xnysbMlmTkwHHqTGhaW941jTW9zmNLR6FwK7Ls12u7B61o+tzavr/d6NhzZUsGnZzi5uQ50bnRFu3gkcc34XVfRfOmraq3WtTLdUhMJyCzeWCtjrFkewFn7K9p2kz4OoT5fZ2TN1XAxCx+QYInBmwOFulYRYYem7ouTUek0WLKe1nbT6xdGW39os95+Hedqej9hcD4l9oBNJn/4p3WVk5E7d0mDkMcyGYNb+kMc5jfe7UfbX4kfDiXQ/iHj4YmbldoIYPkGtbujmc1kfetPk14c3cR14XCabibdA1jV8zSdSOl5k2Ntnxpz8vjtu3MLD1IFkAdDR8ly+rNx87Hmj0YyPwMKSWVveDxiNzmgPcOosnquJemVWap6jvn467T/ANnXbrrY6fwYxldf4w3/AGwcjityYi2Rn8PUgWQQWn+tEL0Xs32tZ2Yg1KMQRT5ZhAjnxBTJY3cuic3qSOeR1NBcfDjMbG4N2uJF1fkrcWJO6UOixy0bB08+V7NsYz/GXR5FOYZaNDFdpWPrchGhN1HBnkje+EuLNtjdW4cingf2U+nRx5ea/P8AlJIsSMulixre6OmvvnjxAEcq7ockOlSSSSQCSVu14ttgEciwrGkdq9W7N6pm5OHh4z5M6Lu30y7BcHEAHhvTlYym2moo0hVtktx3uiy4WG/Sxq+oRwsgYTPlsj7wzRvO4bNnSNnWutjla3bKebM06LR8WLTYsuCYMw6ldLJNJL4xE0dSGlrdtfqDyR0XljNcyonf9sgknY5/fxhw5YT/AAn0Z/Rb+sdtNSxWafJpbcd0+kytnbuG58ordYHUkdB7LxrNPY7VJHsxvhGhwkjvviXNidj+w+nxxYhy8d7DjRyMDe5ZkmMhxYHcuHLh7H6Lpv2Zvir2D7K6jg/41rROZrUM2LOyQmGDAisOYXE+C/CQbPG5eG5Xb/UO12Bj9mNTjii0lkoduiaXyNkBLgfa3GvuuVww7ElfAQ5wZI5ocRtLju4b91FXp68Trs/YpbrnK1SgvxfB+rrZY5425EMrXwygOY9rgWvHRrgfMEdD5qZtCw7jmufX0XyF+zl8Zdc0oYnZ/tTmjO0LIz2YULXyf9oxMhw4cB1MflfQWvruMcHcdxcX2fK2uA/svC1Fbpm4nr1WKyCZKGg9CPylDOUsbBY46qYR89Fj2XbwRbAjaByp+7CDGKUbSm8gSHopdnsUbQs5dllLJ/PWhCF+4H4oCEIQAhCEAIQhACEIQAhCEAK3pP8A8Qio1+r/AISqiv6D/wDFoPDu/Vx/9JQlLLOhazkO7wflTmJzRvYQ4eZHIC1sPT8LKAJAL/S1NlaZFDEXyQllfpLeirk6YwSRgx7w6iGi084sjnPPd3fT3Tn5JY8s2Moc89aVnGyfmKY+mi+qgGecedgMrSAGmid3RTMx4+9pry7cLJcVay8eWKJ3djwl9kEcn7LotC0XRNSkacyAte2PkGQMPHPmolLAUcnH5ERhfRa2/TzURBkBZtAvzXaaromnUZceN7ISdsZc8Gj7rAn0PKhdu3sk7uy3uze78JGxSIlW08mM4GMi3Cvqponn9QYXD0SZMgdCWOYA4H7hRY03dmndPdW3EFt43iyA0eddVX7kF1AkE9CeFdjymNod0QT0NLViZjyxb3vY33romSyWTE+TnERkFlo8womscHDc8tHqujkLImgYzGykkC74HKMTRNJ1C3ZuWcfIMha0BwFj2tNxbx/RihrKH74u9qT4cp0EjSxrKHFkWurb2GwWCznT/cgJreyOkM5kyXvDSDW8eqb0PGzlMhmPJI9xsF3JF7r/AOia1mCG28Gv5l6TkQY+TAMcx48sLWgf5dH8+ayczRdKxsfvmaXJM4fwQghx+hTI8bOJbEzvXOxnvB8jXCuPhbktAdO0PA6O4tXsjBdI7912dyA2+jnbXfnop4eysmSHSQSHHHFxysLifo5RkKPBitxe7B30R/p5UTcaaR5bGA2/5uF07OyOQwg/OxtP+7SuQ9k8UUcgSSO/mYaUt5Cg/k4rZdtdYcPL1TC1o68LsNS7M4OKLbC/nydMAsrL0WGJttlDAa470OVUsFtphuaHNNcpBHbeAujj0PADWg5Dt7ulBXMbsthT/uXZboi/oSKpSFE5RrOODymhj94O5bOs9mcvTMhwaO+iA8MjOR/RZ0mFkwBr5oZGNd0LmkWofRLjyMYx24WeFM1rQ03SZy1hcRQ4TS+jRH2WZdElRniq90ws8VAceqVksZeA4V9VoYkbXStBjNH1HshJQYGseC4gfUp74w5u8crZfiY0jwyWIbfPyVDOxoGR7IGlp3mjfRVyTgoHazk0a8lKyQHow/hJDjOEmyWxfrwrIxywgtbforEoiD3Abu6dQ86Ub5rNbSFdcZWs2yR00+yrSsBadrD9aVQQ957oD7Stgc40WmlOzGa2iR9lIIQaNp24nildjxwHAGIgnoCFaOFL3d/Lkcjnb7qrJRktaHOop9DoCKV84re7cbZYfVA8pjMRj5JIQ4cCxyqmiWEVA0NN2Ep5advP0Uhxi1x3uqvVS48W07gLKhslGxo72QuETotzJGta8tcARz6+S7nsPnZvYftRpnbzR8jGbLo2UJ8eOY7g7ggh9fwkEhecRGYudb9rPUK2zMnc0YjspxilIY4OBqiaNrmth5VhnXXJwxJdn1p+zFonZ7WfiDlaxq000GdnYebqEcUUrRHMXTeKIs6g08lo6kD0XH/tQ50sbtH7PROyDPgtlkkbLAYiAdgAAI8VdD6LJ/ZU7YYnZH4hYDRp+LlZOoB2JGwPIlAkDg4tceAQBf8ATzWN8f8A4h4vbv4g5WZh4sgxoY24cLXuqRha89599zQD9V8o9BZZ66r2nsUf/wAj6N6quHpPij+zZ5Vjl7ZXGWQbaO7y8v8AqrGHjzZWa2LGfI47CSGxF1AdSaW3pmiY+pzR4rWS5E0hDWsPBB+nnyvVuzvwh1LT+x+vatnYk8eoY0eMYGyRGN7WSG3kAiyOKJ919DqddXpv/UeG+EjxtNorL3+C4Syzwud4iy5ceWi0ig7pf0XoHwx7OaX2m1tmLqL4mYUT2unkm/yxFtO6z/Qe5C5DVsWf51zTE8GuL8qK7b4ZdnM/U4dZw8Zj3vfgNla0WAdszN3Psq6m7FDecZNNLVuuSxnHwcR2gwcaGRhxyCAXtDXWABvdt3DqDQH5XbfCvtfD2UxdZie95+cwnRRhlFrnuG0tN/w0SsTtJoM2NA10wL5BIb4ogf8ANYePFkY7gGA7SfIKNkL6lXLlEpyot3xWGj0Ltj8U8/WOzWF8P8HT4tP0PCia10WO4NMzCQ6R0rj1dYr1q103Yvs12cw+xH+1uVgSZ2VjNxc3MZkgw4sru8DDpsd11YfEf4d1leTOwXTyvlkaXN23VE2vqLSOw+ZqWndlxrUE0+j4OnM73Tw9h/xCYC3gno1r2+EvPQWfJeT6hOGlrjXHhN//ACep6fXZrLZSmsvHB87doMXTtRyTqmldnJdLx5siRzIhuIiBP+W4+RZe0A9QbWpovZ+fTzjaxmwuix4Z4y+CUEieMOG4D7WvTcyWWfQ+1HZDK052SIZ8YxRMcJYMcteBtYSNwDAQNwsOIWf/ALPdqcrAw8zMh7n5fDhwnjbTJyy/HtPmSWc+y2r1Xkr2tY/3grPRShJzj13/AJzgujs/2Q7URCTs2X4MoDnSQZrwD4uW90f4uBX0tMg+E2Vk7osPHlnlbGZJCGE93XPJ8hx5rrtJ7FadqWHPiZWZDHl5OJj/ACkbHNts7fFIHAngFocBfmQun7Bdi9Wl1A9nG5M+P8xt5D3ERUbJ48LuB0teRqb51JutnqUaeNmN6RxnaLsFix9l8XAjw2d5jwOlfu4dLIW8C/TzHrS8f1jE1l+eO9DoJYI2taCzZTSKN35USL9191a58NseTBjY7vXZhabjDCLcPCH+1jyXmfav4MT5mbFjTQOYXQFj5gLbyKFn2XB6frroZ8iyduu0FV/NbwfPXZ3sljHJ1WDLZkRS4GEzLgjb+lriRzfna5Z4zZpnzzMka953n+UG+F9V4nw1h1TTp8DUz3LgAO+jbRexjaa0n3dR+i4fU/gpqWRIWY0LWANI3Dkey9LT63MnvPPv9NlGC2M8j7L6jn6fquNNhl4yIphI2qJ3Dq7afa+V9y9mf2ovhjrU0GNqc+XpOQ1ha6XNgBiDmgBztzP0gkdV83aV8NNf0J2Vju0qKVmTFteKs3/CWu8uaVnUfg52g03I+Sx2nJezuy7wkinN3Ft/0+6rb4tRw0RRVbRE+5cHX9CyY48nH1WF8crBI10Rc5kjT0IvhWjrehjg6hH/AOFfN/Y93avsZ2P03s/NkGR+O173lw3d05zuGh3mAOFZn7W9qCablAH120qR0EZdcI0dkl32fQx1zQh11GP/AMKR2v6C0EnUovwvm7I7Tds3HczNc4enCpydpu2rAXfMPoewVn6bW12V8rPpn/aLQP8A+6Rf1H9kju0egEV/i8N+7nf818wP7X9sQDuy3j7BV5e1na8ivnZBfnQVP/E1v5K+fHJ+TqEIX6cflAIQhACEIQAhCEAIQhACEIQArmkb/wDEIu7aXO8VAf7pVNdP8MtGn7Qdt9N0jGhbLJkd9THAkHbC9x6ewUS4TyXri5TUV8lvHGcxwdFvbfmDytLBzM+OTbPK6XuyCGvcCCu/1j4WdpcfIbHi9n8tzG8/uGcH88K5pXw81vLlEWZ2U1OAEV3ojbQ49lh54nfHS2qWGjzvOYMiESiFskbpNxNbZI3f7vXanw6bCwNeAW+fPC9mxfgHqWXjnIiIa9vO2Rp3FTD4G6yIyJS0AeoUe4r+zb2Fz/pPCMjPME7mCMSRjqHmr+i29GzdPae8DXt30XjrQXpGX8EMsvLXQiT2A6q3gfCXNxSWNhdH4ABUZKl3QawUWkug+jz7Ll0o4jpN0zo3OPhYNxH2C5aSbRWWYsPLi5PO4m/+i95Pwsy42MPdl/kbHr6hN/8AYnj5hLJ2hgPNtCpuivkPSXS+DwaIjMY1kGEyr6k8/dbeD2cAuR8WOdw4s3X2XskHwBwoeYckg+y6XR/gm5ha35lhb52FKnElaK1fsj52i7H5A395LG8vPh2NPCvYfYnIeP8ANNegFn8L6lxfgvEI6IY/2DVrYXwYxYXNd3LT68LTyRLLSTXwfLun9gJHkN+QmmcfVpFrfxPgjr+bty4OyU3hIIeC71X1Hh/C/Ex3F7Imbh05I/qFpDs1rcTO7w5Y42jpcr6/sqOUTdaZ4PmVvwe+IU7ag7J5TwXVVE8ffhVpP2f+2AJny+wUr/U92b//AGr6xwNH16KhLmMv/S9//MUteLA1MMqSd9eoVN2B7c+QcT4Ma9iEPPYnUoi2+Wh5A49CFpR/DjtBHE1n+yWc7/ehJ/uF9XnSslw8WXIfZ1JDoMhG5+Tx9E8iLe1Z8qM+H2vsO4dis0keZxqH5AVyLsLq7hsk7OOhJ/mFFfUsWixAc5n4q0yTs3p8tukyCT7kKFasj22D5I17sNrmLiZGTFpT/wB1E542ts8D0Xhsud2oyyXRumabILenN9F+iud2U0mRj2PcHMcKcAeoXLu+FPYV7wDpMTGWTe0dVp5jKellPro+BDpmr5UveTd6XD+cOv7Homy6bqJBY7Hl46Givvs/CX4f7udNYfago3/C/sPEbi0WHj1AVvKiq0ckfCOHj5rHNE8cnANEtPHC38WLOkhZKMcu9RXK+0W/D3sQ0UdExSfoFZZ2P7GwsLBoeK0eoaFDsWC3tP5PjSHEklcGfKuIdYdvB4UknZSfUGtx4YnPvpx/ZfZ0XZ/snDG4N0LFPuYwo/8ADOzkYaWaRiNI/wBICp5EPa/yfF83w31DHYZp4SyNos7zws2Hsdi5m+SNzg8GnV1X25naP2XzoTFl6VEWmrbXXlUIey/YyE3F2fxGEdCG8qrs+kXWnjjlnxn/ALCtdI2AiW38C1eZ8O9ZxZGRCNz2sIN7TyF9hu0fsw0iVvZ+EuZ0OzhSOj0fduGlYocRQsDhPI/oe2j8SPjPK7Ba5JI7u8dxBd5AlQt+HmrlwEmNID7tK+y+40t1h2n4rQfMNFp507RnMLm6bE4/7ieT+CfbL/3HxbkdgtWMjv3MgrodhUQ7Fa3f+RI6ug2HlfZ403TSS1mhx7j0JjQ7S8Zg3f4PA2vPulXe/ov7eOMZPjb/AGT1p4DTpzy4dLaUr+w+ryRH/wDh0ofxXgNL7F+VwSdj9OgF+fdJrtLxibiwoSfIGNPK/oR0sPs+OWdg9b4Bwnj/AOkqb/2f626iMGQj1DSvr5mnQl4B0/GPttCuxaRG4cYOMB7tCr5H9F/bQ+z4+xuwHaSSoxhWT+m+Crg7FdsmxmNuHLQ6Dbdr6/j0vEbW/BxvqGhTN03CBsYcf/gWbuk/gutNFHyGz4bdoDjufJizd4QH1Vcqg74bdpXG48OUOd5kXS+yn6bhkf5EbR/ucobp+mgUceMn3j4Vd8iy08D47h+FPaJ9Pnj4HUFpCst+FmtVTMU/VvVfXg0vT5T3bIIGuPQhitY/Z6INJbHE4+hYq5kbqqtcHxy34WdpOQ3CyCD6Aqdnwk7SSCvlMhp9SF9mwdmsV9boY79A1Wh2WxQ3/Ijb710VPzJ8UD4yh+C/aY7ZRjTnYQ81dgDkkf6vT3pdNovwr1tsjDkaYWOAO5sspcHOPIcAOOnWz1919Z42gYsYHgidXlQ5Uj9FgHi+TYB6gKJKRptrXR4F8K/hVlYPbTB1rWcKH5fC3TOa7oX87DXmQ7a6vZeydpZtR1rC1OZzZDJnQwwNjlaKjLXcyCuljij6rbZp0OOXFrQ2/TgprmGM7i2YtHXzC8zU+kw1V8brOWj0NN6itPTKmC7Pn3/2HT5OVbshh715BJb0HqvaeyfYbs9omhYeM2OJuqwwHHdK9ocXNk5dRHAqubWyDATex9+hAU25jCHsiNj0C3v0PmhslngpRrI6eTnFLLPONX+DuPnOlZLLE/xGhtHTqucn/Z8imi2saxtnqAvaXzmVwJaWl3UkdErTJdB3HqrQ0bgkovopPVxslnB4lH+zuA0sM+3cC266WKXvGXp+lNxMTTcH/JwtMjwzbf1SNFlw+tV91A3vrttuPpSe6eUEeEcLLU+mw1OPN8GtOvlp87DAb2Lw8fWnaphxMxZXtkD5I2bt10OnQpXdgcCRjm7d+47i+Qm7vy8gugGTNt/SB9U9uTKW057APqrx0Fdf5JEe+nLK+DlY/hrpbpjLNK63ceFxPHpwt/Svhxp2EI8jD1TJjjicHGAzfp+h6uVkSvo/vWf+IKxjT5TR4HX9eiT0kJ54Kx1UlLKZ0Gn6tnYOVKxpjdE9oa17iS4Up8vOyMlpmdIy2/zBc+X5zm3bB91NG7MLae9tfVUhpK6/6SbNbZPqRZ3yODg0RBp6mkj4nysIY0V57RRKfjRTuH6bBW1hYRc0b2cf1WvtapcuJl7y5cbjkcyB8Ub3Mx5HvAO0Guqz5psmZz5cqKVryW2bvgBelN0xpF922vUjlMfpMJ5LYz7FqpLTV/0ostZZ1k8rkmzzY71xb5WqM5z3kgOs/wC6vWZNHjf4WxxNJ89qrS6HX8Ud+gaAVk6Fgn3T+zyfuc8PDrfY9uE8N1K/07vYheof4HfBA+4CP8BjHL2s2+fFLNads0jqDzIjMcNk2HbT1pqcdOfMQG41E+XmvS3aHihpc1jPtyoJtKYOGNr32p7b6Ledn4koQhfZn5uCEIQAhCEAIQhACEIQAhCEAL0X9nnN/wAP+MHZ/M7zu+7+a8V1V4so/wCa86XafBr/APmTpH/+x/8A88ipYswa/g208tt0X/K/2fdDu3BDNvzLXWPN5/6KJ/bPbE0DKi56tL7/AKLzSGSQh5LzweEk0jw4EOK81VI+klrZI9Fd22J5jyQ0j0b1TP8AbeYG+8e73DF59BNIZWgvPn/ZXBNIInU//wBWrxoiZPXWYOyHa8yEmTeb8toSntRCedhB/wB1cG/ImBsSEFDsmcubcpWnhijP30z0NvaXFFNMReD1pqlZruI9w/7OQ36LgIMqcEfvSr8eVkba70qVWi3vJs7qLVcSSmsY4E9DS2NMz4muBs37rz/FyJto/eFdHpkj3NaS4q2xD3EpdnoWLqTWxg/2VuPVgOl37rnMHnba1GMaW2R5KNqHkkaf+MPA3A/dSN1dz28PFn3WYyNhjb4VPDGyx4Qm1EeWRdbqEt8uNKUapNt2tc4qu1ja/SFPGxoPDQoLKxjzqWQ4gW77J/z02w0XfcJjgNp4CABt6JiJLm08EzMmVwsuSmeUigVG0ANsI3O9UwiW+CvPLMSQSVUlfLR5UmW9wJIKpPe4mtyGTmwMku7gqN8shPiuvZMc51nlQsJc+iSQiJcngZNJySC760oxKAbfIQPdTd2wk21NlijDCQ0KxTIx2VGBtDyb91Fvhc63P/qlkAFUAq8iDJOZMd4O5xFKF4x7tj3A+RULjTSQoy411QhsuMm28d+T7UjdFI6nOHPkRSowOJma0mwb4+ynkAbyAAR7IRuLIihHIaCniODqJHMcqsb3X1Q5zieSg3FsbB4hk3SDNE0eKf8AqqrP0kJ742GIktHl/dBuH78e94l5HspWzx1TZRf0S40MRZywJ/dsabDQPspG4idNDG6i/r1ICezIid+nIB/0qcRxvYQ5gP2UbceDn921MR+i8ZsPmGs8QINeVqzHmks4Y1JHFGG/ob+Ffx2sY0OaxoN+gVdqLb5fZUGcOhgP1DbpK3NjcaMT6/8A01dkedzjx5eQ9UzPe6OIFlA8dAPVNqG5jY8yL9Oxte7aKvQ5Ae3a2BxB9lHp8r3RjdR+rQrfeyNPhNfQBRtRKslkcx+3kQEfdTsmJ4czaD5kpBNI5lF1/YKtlE1dqu1Gu9mnEbraVZaXV43AD3WTiudQFlWSTXU/lNqG9mgZILAprj9VDNK5oJY1oAVRrnX1UMssm6t5pNqGWaDd0zKcG0fZSx44Z49m6vKlWxHudQJ4Wj+mIkcFNqGWRmOJw8UQCsQ4+MRWwKjM920m1CJ5R0kKKKKObRt/K4u0g033UHyWI628knzCznTSlhBkKWGSSx4z+VLiiYzljs1HYGK1t0TXklbFCwUcdr2eY81HBZ6kn7qV4ppIVXFYLb5fY9o08fqwg1PJww2hFtH0VEk7uqnwSTICSbuuqokkFNlkjF2UAbIsfROYzHHn+U4xNBIBdRc4Hxn0Krtc+OJjWPcAXG/EVG1FnJo1cZzNtRi69FpwSEM60Vk6bJJMJHSyOcW1VuK1Ij4U2ojcy22ZwHLrTHzlvJFhDeiRwFdFXYgrGR/N+IeA/hJNNvFtBafWk/aPRI4AiiFV1RwXVkiG5T/8y/skcJK62pgAOiDwFlsRrGxiRbiKcGj6p74/CdrmX+VDI91HlRte7cOVXxI08rP/2Q==\" data-filename=\"cropped.jpg\" style=\"width: 443.576px;\"><span style=\"color: rgb(77, 81, 86); font-family: arial, sans-serif; background-color: rgb(255, 255, 255);\">Amazon.com, Inc. is an American multinational technology company based in Seattle, Washington, which focuses on e-commerce, cloud computing, digital streaming, and artificial intelligence.</span><span style=\"background-color: rgb(255, 255, 255); color: rgb(77, 81, 86); font-family: arial, sans-serif;\">Amazon.com, Inc. is an American multinational technology company based in Seattle, Washington, which focuses on e-commerce, cloud computing, digital streaming, and artificial intelligence.</span><br></p>', 'uploads/newsfeed/1615957594marine banner.jpg', 'https://www.youtube.com/watch?v=K0ibsAQTyRQ', '2021-03-17 05:06:34', '2021-03-17 13:30:08');

-- --------------------------------------------------------

--
-- Table structure for table `feedbacks`
--

CREATE TABLE `feedbacks` (
  `feedback_id` int(11) NOT NULL,
  `user_id` int(11) NOT NULL DEFAULT '0',
  `subject` varchar(255) COLLATE utf8_unicode_ci NOT NULL,
  `message` text COLLATE utf8_unicode_ci NOT NULL,
  `attachment` varchar(255) COLLATE utf8_unicode_ci NOT NULL,
  `created_at` datetime NOT NULL,
  `updated_at` timestamp NULL DEFAULT NULL
) ENGINE=InnoDB DEFAULT CHARSET=utf8 COLLATE=utf8_unicode_ci;

--
-- Dumping data for table `feedbacks`
--

INSERT INTO `feedbacks` (`feedback_id`, `user_id`, `subject`, `message`, `attachment`, `created_at`, `updated_at`) VALUES
(1, 0, 'publishing and graphic design,', 'In publishing and graphic design, Lorem ipsum is a placeholder text commonly used to demonstrate the visual form of a document or a typeface without relying on meaningful content.', 'uploads/businessbannerimage/1615957765marine.jpg', '2021-03-17 05:09:25', '2021-03-17 05:09:25'),
(2, 0, 'demonstrate the visual', 'In publishing and graphic design, Lorem ipsum is a placeholder text commonly used to demonstrate the visual form of a document or a typeface without relying on meaningful content.', 'uploads/businessbannerimage/1615957808marine banner.jpg', '2021-03-17 05:10:08', '2021-03-17 05:10:08'),
(3, 0, 'demonstrate the visual  publishing and graphic design,', 'In publishing and graphic design, Lorem ipsum is a placeholder text commonly used to demonstrate the visual form of a document or a typeface without relying on meaningful content. In publishing and graphic design, Lorem ipsum is a placeholder text commonly used to demonstrate the visual form of a document or a typeface without relying on meaningful content. In publishing and graphic design, Lorem ipsum is a placeholder text commonly used to demonstrate the visual form of a document or a typeface without relying on meaningful content. In publishing and graphic design, Lorem ipsum is a placeholder text commonly used to demonstrate the visual form of a document or a typeface without relying on meaningful content. In publishing and graphic design, Lorem ipsum is a placeholder text commonly used to demonstrate the visual form of a document or a typeface without relying on meaningful content. In publishing and graphic design, Lorem ipsum is a placeholder text commonly used to demonstrate the visual form of a document or a typeface without relying on meaningful content. In publishing and graphic design, Lorem ipsum is a placeholder text commonly used to demonstrate the visual form of a document or a typeface without relying on meaningful content.', '', '2021-03-17 05:12:23', '2021-03-17 05:12:23');

-- --------------------------------------------------------

--
-- Table structure for table `migrations`
--

CREATE TABLE `migrations` (
  `id` int(10) UNSIGNED NOT NULL,
  `migration` varchar(255) COLLATE utf8mb4_unicode_ci NOT NULL,
  `batch` int(11) NOT NULL
) ENGINE=InnoDB DEFAULT CHARSET=utf8mb4 COLLATE=utf8mb4_unicode_ci;

--
-- Dumping data for table `migrations`
--

INSERT INTO `migrations` (`id`, `migration`, `batch`) VALUES
(1, '2014_10_12_000000_create_admins_table', 1),
(2, '2014_10_12_000000_create_users_table', 1),
(3, '2014_10_12_100000_create_password_resets_table', 1),
(4, '2019_07_01_060651_create_permission_tables', 1),
(5, '2019_07_19_174507_create_products_table', 1),
(6, '2020_11_23_073516_create_categories_table', 2),
(7, '2020_11_23_073517_create_categorizables_table', 3),
(8, '2017_03_29_095707_create_banners_table', 4),
(9, '2017_04_26_121031_add_banner_show_dates', 4),
(10, '2016_03_11_202301_create_advert_categories_table', 5),
(11, '2016_03_11_202607_create_adverts_table', 5),
(12, '2016_06_01_000001_create_oauth_auth_codes_table', 5),
(13, '2016_06_01_000002_create_oauth_access_tokens_table', 5),
(14, '2016_06_01_000003_create_oauth_refresh_tokens_table', 5),
(15, '2016_06_01_000004_create_oauth_clients_table', 5),
(16, '2016_06_01_000005_create_oauth_personal_access_clients_table', 5),
(17, '2017_11_29_223842_create_countries_table', 6),
(18, '2020_12_01_073211_setup_countries_table', 7),
(19, '2020_12_01_073212_charify_countries_table', 7);

-- --------------------------------------------------------

--
-- Table structure for table `model_has_permissions`
--

CREATE TABLE `model_has_permissions` (
  `permission_id` int(10) UNSIGNED NOT NULL,
  `model_type` varchar(255) COLLATE utf8mb4_unicode_ci NOT NULL,
  `model_id` bigint(20) UNSIGNED NOT NULL
) ENGINE=InnoDB DEFAULT CHARSET=utf8mb4 COLLATE=utf8mb4_unicode_ci;

-- --------------------------------------------------------

--
-- Table structure for table `model_has_roles`
--

CREATE TABLE `model_has_roles` (
  `role_id` int(10) UNSIGNED NOT NULL,
  `model_type` varchar(255) COLLATE utf8mb4_unicode_ci NOT NULL,
  `model_id` bigint(20) UNSIGNED NOT NULL
) ENGINE=InnoDB DEFAULT CHARSET=utf8mb4 COLLATE=utf8mb4_unicode_ci;

--
-- Dumping data for table `model_has_roles`
--

INSERT INTO `model_has_roles` (`role_id`, `model_type`, `model_id`) VALUES
(1, 'App\\Models\\User', 1),
(2, 'App\\Models\\User', 2),
(3, 'App\\Models\\User', 3),
(4, 'App\\Models\\User', 4),
(3, 'App\\Models\\User', 8),
(2, 'App\\Models\\User', 9),
(2, 'App\\Models\\User', 12),
(3, 'App\\Models\\User', 14),
(3, 'App\\Models\\User', 17),
(2, 'App\\Models\\User', 18),
(4, 'App\\Models\\User', 19),
(5, 'App\\Models\\User', 20),
(3, 'App\\Models\\User', 21),
(3, 'App\\Models\\User', 45),
(3, 'App\\Models\\User', 64),
(3, 'App\\Models\\User', 65),
(3, 'App\\Models\\User', 66);

-- --------------------------------------------------------

--
-- Table structure for table `news_feed`
--

CREATE TABLE `news_feed` (
  `id` int(11) NOT NULL,
  `title` varchar(255) COLLATE utf8_unicode_ci DEFAULT NULL,
  `description` longtext COLLATE utf8_unicode_ci,
  `image` varchar(255) COLLATE utf8_unicode_ci DEFAULT NULL,
  `youtube_link` text COLLATE utf8_unicode_ci,
  `created_at` timestamp NOT NULL DEFAULT CURRENT_TIMESTAMP ON UPDATE CURRENT_TIMESTAMP,
  `updated_at` timestamp NULL DEFAULT NULL
) ENGINE=InnoDB DEFAULT CHARSET=utf8 COLLATE=utf8_unicode_ci;

--
-- Dumping data for table `news_feed`
--

INSERT INTO `news_feed` (`id`, `title`, `description`, `image`, `youtube_link`, `created_at`, `updated_at`) VALUES
(4, 'GMS: Standard Operating Procedures (SOPs) against COVID-19 at HKC Compliant recycling facilities', '<p style=\"padding: 0px 0px 1em; margin-right: 0px; margin-bottom: 0px; margin-left: 0px; outline: none; list-style: none; border: 0px; color: rgb(51, 51, 51); font-family: Raleway; background-color: rgb(255, 255, 255);\">Amid the surge in COVID-19 cases in India, the HKC compliant recycling facilities are taking absolute precautions against the spread of COVID-19. The recycling facilities and the local regulatory authorities have developed standard operating procedures to curb the spread.</p><p style=\"padding: 0px 0px 1em; margin-right: 0px; margin-bottom: 0px; margin-left: 0px; outline: none; list-style: none; border: 0px; color: rgb(51, 51, 51); font-family: Raleway; background-color: rgb(255, 255, 255);\">The entry and exit points in each yard are sanitized regularly. The recycling facilities are sanitized every morning before commencing activities and after completing activities in the evening. At entry and exit points, hand wash facilities along with soap are arranged. Washing of hands before entering the recycling yard is imperative. The safety officer and HSE team monitor every worker’s body temperature and ensure that workers use proper PPE &amp; masks. In work locations, social distancing is assured with strict compliance.</p><p style=\"padding: 0px 0px 1em; margin-right: 0px; margin-bottom: 0px; margin-left: 0px; outline: none; list-style: none; border: 0px; color: rgb(51, 51, 51); font-family: Raleway; background-color: rgb(255, 255, 255);\">During the regular breaks as well, social distancing is strictly followed. Workers are provided with masks, gloves, and adequate PPE. Safety officers supervise social distancing norms. The number of workers present in the yard at any given time is restricted to ensure adequate social distancing. If a worker is observed with any of the COVID-19 symptoms, he is transferred to the quarantine facility allotted by Gujarat Maritime Board (GMB).</p><p style=\"padding: 0px 0px 1em; margin-right: 0px; margin-bottom: 0px; margin-left: 0px; outline: none; list-style: none; border: 0px; color: rgb(51, 51, 51); font-family: Raleway; background-color: rgb(255, 255, 255);\">The medical attention is provided by the Alang multi-speciality hospital. Primary Health Centre (PHC) arranges regular COVID-19 tests for the yard workers to identify any asymptomatic patient.</p><p style=\"padding: 0px 0px 1em; margin-right: 0px; margin-bottom: 0px; margin-left: 0px; outline: none; list-style: none; border: 0px; color: rgb(51, 51, 51); font-family: Raleway; background-color: rgb(255, 255, 255);\">Similar SOPs are developed for the crews who deliver the vessels to the recycling facilities. The COVID-19 test is done for the crews onboard the vessel at anchorage. Once all the crews are tested negative, they are allowed to disembark. A crew member with symptoms is given prompt medication and treated as per the COVID-19 guidelines onshore. Crews are provided with masks and disposable protective clothing. Once the crew disembarks from the vessel, they are immediately transported to the accommodation, and they are not allowed to visit other than designated areas in the recycling facilities. A trained person sanitizes vessels’ access points and common areas before yard workers or regulatory authority representatives board the vessel.</p><p style=\"padding: 0px 0px 1em; margin-right: 0px; margin-bottom: 0px; margin-left: 0px; outline: none; list-style: none; border: 0px; color: rgb(51, 51, 51); font-family: Raleway; background-color: rgb(255, 255, 255);\">Strict adherence to the above SOPs helps curb the spread of COVID-19 and ensures continuity in the ship recycling process without any loss of time.</p><p style=\"padding: 0px 0px 1em; margin-right: 0px; margin-bottom: 0px; margin-left: 0px; outline: none; list-style: none; border: 0px; color: rgb(51, 51, 51); font-family: Raleway; background-color: rgb(255, 255, 255);\">Source: GMS (<a href=\"https://www.gmsinc.net/gms_new/index.php\" target=\"_blank\" rel=\"noopener\" style=\"padding: 0px; margin: 0px; outline: none; list-style: none; border: 0px; color: rgb(1, 123, 196); transition: all 0.2s ease-in-out 0s;\">www.gmsinc.net</a>)</p>', 'uploads/newsfeed/1616041841GMS_LOGO-120x100.jpg', NULL, '2021-03-18 04:30:41', '2021-03-18 04:30:41'),
(5, 'GMS: Standard Operating Procedures (SOPs) against COVID-19 at HKC Compliant recycling facilities', '<p style=\"padding: 0px 0px 1em; margin-right: 0px; margin-bottom: 0px; margin-left: 0px; outline: none; list-style: none; border: 0px; color: rgb(51, 51, 51); font-family: Raleway; background-color: rgb(255, 255, 255);\">Amid the surge in COVID-19 cases in India, the HKC compliant recycling facilities are taking absolute precautions against the spread of COVID-19. The recycling facilities and the local regulatory authorities have developed standard operating procedures to curb the spread.</p><p style=\"padding: 0px 0px 1em; margin-right: 0px; margin-bottom: 0px; margin-left: 0px; outline: none; list-style: none; border: 0px; color: rgb(51, 51, 51); font-family: Raleway; background-color: rgb(255, 255, 255);\">The entry and exit points in each yard are sanitized regularly. The recycling facilities are sanitized every morning before commencing activities and after completing activities in the evening. At entry and exit points, hand wash facilities along with soap are arranged. Washing of hands before entering the recycling yard is imperative. The safety officer and HSE team monitor every worker’s body temperature and ensure that workers use proper PPE &amp; masks. In work locations, social distancing is assured with strict compliance.</p><p style=\"padding: 0px 0px 1em; margin-right: 0px; margin-bottom: 0px; margin-left: 0px; outline: none; list-style: none; border: 0px; color: rgb(51, 51, 51); font-family: Raleway; background-color: rgb(255, 255, 255);\">During the regular breaks as well, social distancing is strictly followed. Workers are provided with masks, gloves, and adequate PPE. Safety officers supervise social distancing norms. The number of workers present in the yard at any given time is restricted to ensure adequate social distancing. If a worker is observed with any of the COVID-19 symptoms, he is transferred to the quarantine facility allotted by Gujarat Maritime Board (GMB).</p><p style=\"padding: 0px 0px 1em; margin-right: 0px; margin-bottom: 0px; margin-left: 0px; outline: none; list-style: none; border: 0px; color: rgb(51, 51, 51); font-family: Raleway; background-color: rgb(255, 255, 255);\">The medical attention is provided by the Alang multi-speciality hospital. Primary Health Centre (PHC) arranges regular COVID-19 tests for the yard workers to identify any asymptomatic patient.</p><p style=\"padding: 0px 0px 1em; margin-right: 0px; margin-bottom: 0px; margin-left: 0px; outline: none; list-style: none; border: 0px; color: rgb(51, 51, 51); font-family: Raleway; background-color: rgb(255, 255, 255);\">Similar SOPs are developed for the crews who deliver the vessels to the recycling facilities. The COVID-19 test is done for the crews onboard the vessel at anchorage. Once all the crews are tested negative, they are allowed to disembark. A crew member with symptoms is given prompt medication and treated as per the COVID-19 guidelines onshore. Crews are provided with masks and disposable protective clothing. Once the crew disembarks from the vessel, they are immediately transported to the accommodation, and they are not allowed to visit other than designated areas in the recycling facilities. A trained person sanitizes vessels’ access points and common areas before yard workers or regulatory authority representatives board the vessel.</p><p style=\"padding: 0px 0px 1em; margin-right: 0px; margin-bottom: 0px; margin-left: 0px; outline: none; list-style: none; border: 0px; color: rgb(51, 51, 51); font-family: Raleway; background-color: rgb(255, 255, 255);\">Strict adherence to the above SOPs helps curb the spread of COVID-19 and ensures continuity in the ship recycling process without any loss of time.</p><p style=\"padding: 0px 0px 1em; margin-right: 0px; margin-bottom: 0px; margin-left: 0px; outline: none; list-style: none; border: 0px; color: rgb(51, 51, 51); font-family: Raleway; background-color: rgb(255, 255, 255);\">Source: GMS (<a href=\"https://www.gmsinc.net/gms_new/index.php\" target=\"_blank\" rel=\"noopener\" style=\"padding: 0px; margin: 0px; outline: none; list-style: none; border: 0px; color: rgb(1, 123, 196); transition: all 0.2s ease-in-out 0s;\">www.gmsinc.net</a>)</p>', 'uploads/newsfeed/1616041842GMS_LOGO-120x100.jpg', NULL, '2021-03-18 04:30:42', '2021-03-18 04:30:42'),
(6, 'ENGINE: Europe & Africa Bunker Fuel Availability Outlook', '<p><span class=\"dropcap\" style=\"padding: 0px; margin: 0px 8px 0px 0px; outline: none; list-style: none; border: 0px; display: block; float: left; line-height: 50px; color: rgb(51, 51, 51); background-color: rgb(255, 255, 255);\"><font face=\"Georgia, Arial, helvetica neue, Helvetica, Verdana, sans-serif\"><span style=\"font-size: 50px;\">L</span></font><span style=\"font-family: Raleway; font-size: 14px;\">ow, sulphur bunker fuels are readily available in most large ports in Europe and Africa, while HSFO volumes are tight in the Canary Islands and South Africa.</span></span></p><p style=\"padding: 0px 0px 1em; margin-right: 0px; margin-bottom: 0px; margin-left: 0px; outline: none; list-style: none; border: 0px; color: rgb(51, 51, 51); font-family: Raleway; background-color: rgb(255, 255, 255);\"></p><p style=\"padding: 0px 0px 1em; margin-right: 0px; margin-bottom: 0px; margin-left: 0px; outline: none; list-style: none; border: 0px; color: rgb(51, 51, 51); font-family: Raleway; background-color: rgb(255, 255, 255);\">A slowdown in eastward fuel oil cargo flows has left more fuel oil in storage in ARA. Independent inventories holding low and high sulphur fuel oils swelled to nine-month highs in ARA last week.</p><p style=\"padding: 0px 0px 1em; margin-right: 0px; margin-bottom: 0px; margin-left: 0px; outline: none; list-style: none; border: 0px; color: rgb(51, 51, 51); font-family: Raleway; background-color: rgb(255, 255, 255);\">While there has been plenty of fuel oil in storage, ARA’s bunker suppliers have had busy barge schedules and pockets of tightness for VLSFO in recent weeks.</p><p style=\"padding: 0px 0px 1em; margin-right: 0px; margin-bottom: 0px; margin-left: 0px; outline: none; list-style: none; border: 0px; color: rgb(51, 51, 51); font-family: Raleway; background-color: rgb(255, 255, 255);\">LSMGO has been offered in a wide price range in ARA this week, with some suppliers eager to move product. ARA ports’ LSMGO discounts to regional ports such as Skaw, Gothenburg and Hamburg have widened beyond $30/mt.</p><p style=\"padding: 0px 0px 1em; margin-right: 0px; margin-bottom: 0px; margin-left: 0px; outline: none; list-style: none; border: 0px; color: rgb(51, 51, 51); font-family: Raleway; background-color: rgb(255, 255, 255);\">ARA’s gasoil inventories dropped to four-month lows last week. But a pick-up in refinery runs coupled with a tentative road fuel demand recovery could eventually lead to a build-up in gasoil stocks in the hub and contribute to putting downward pressure on prices.<br style=\"padding: 0px; margin: 0px; outline: none; list-style: none; border: 0px;\">HSFO380 stems still need to be booked 3-4 days ahead in ARA and the Gibraltar Strait ports to ensure supply. Lead times for HSFO380 stems are about twice as long in Las Palmas. Two VLSFO cargoes arrived in Las Palmas from Sweden and Spain last week, and three more are scheduled to arrive this week to replenish stocks. HSFO380 stocks are not due for replenishment until next week, sources say.</p><p style=\"padding: 0px 0px 1em; margin-right: 0px; margin-bottom: 0px; margin-left: 0px; outline: none; list-style: none; border: 0px; color: rgb(51, 51, 51); font-family: Raleway; background-color: rgb(255, 255, 255);\"><a href=\"https://www.hellenicshippingnews.com/wp-content/uploads/2021/02/Europe-Africa-Fuel-Outlook.jpg\" style=\"padding: 0px; margin: 0px; outline: none; list-style: none; border: 0px; color: rgb(1, 123, 196); transition: all 0.2s ease-in-out 0s;\"><img loading=\"lazy\" class=\"aligncenter size-full wp-image-854265\" src=\"https://www.hellenicshippingnews.com/wp-content/uploads/2021/02/Europe-Africa-Fuel-Outlook.jpg\" alt=\"\" width=\"700\" height=\"391\" srcset=\"https://www.hellenicshippingnews.com/wp-content/uploads/2021/02/Europe-Africa-Fuel-Outlook.jpg 700w, https://www.hellenicshippingnews.com/wp-content/uploads/2021/02/Europe-Africa-Fuel-Outlook-300x168.jpg 300w, https://www.hellenicshippingnews.com/wp-content/uploads/2021/02/Europe-Africa-Fuel-Outlook-600x335.jpg 600w\" sizes=\"(max-width: 700px) 100vw, 700px\" style=\"padding: 4px; margin: 2px auto; outline: none; list-style: none; border: 1px solid rgb(203, 205, 204); clear: both; max-width: 100%; height: auto; display: block;\"></a></p><p style=\"padding: 0px 0px 1em; margin-right: 0px; margin-bottom: 0px; margin-left: 0px; outline: none; list-style: none; border: 0px; color: rgb(51, 51, 51); font-family: Raleway; background-color: rgb(255, 255, 255);\">HSFO180 continues to be in short supply in Durban and Port Elizabeth. Nearly half of South Africa’s refinery capacity has been offline since an explosion and fire at two plants last year, limiting domestic production capacity of the grade. Imports have been limited to gasoil and low sulphur fuel oil, according to sources. This has sustained pressure on scarce HSFO180 supplies. VLSFO and LSMGO stems are more readily available.</p><p style=\"padding: 0px 0px 1em; margin-right: 0px; margin-bottom: 0px; margin-left: 0px; outline: none; list-style: none; border: 0px; color: rgb(51, 51, 51); font-family: Raleway; background-color: rgb(255, 255, 255);\">Suppliers in Port Elizabeth are grappling with backlogs in the wake of last week’s weather disruptions. Strong winds and high swell disrupted bunker operations at the Algoa Bay anchorage by Port Elizabeth last week, leading to heavy delays. Deliveries are now being carried out and the weather looks calm for the coming days with the exception of a few hours of strong winds on Thursday night.<br style=\"padding: 0px; margin: 0px; outline: none; list-style: none; border: 0px;\">Strong winds and swell hit Gibraltar Strait ports on Wednesday. Five vessels were waiting to bunker in Gibraltar in the morning, and bunkering was suspended at Algeciras’ Delta anchorage. Several suppliers are delayed by a few hours in both ports.</p><p style=\"padding: 0px 0px 1em; margin-right: 0px; margin-bottom: 0px; margin-left: 0px; outline: none; list-style: none; border: 0px; color: rgb(51, 51, 51); font-family: Raleway; background-color: rgb(255, 255, 255);\">Rough weather has limited bunkering to one in six offshore areas off Malta at the start of the week. Intervals of strong winds are forecast over the coming days, potentially disrupting offshore bunkering in one or more of the offshore areas.</p><p style=\"padding: 0px 0px 1em; margin-right: 0px; margin-bottom: 0px; margin-left: 0px; outline: none; list-style: none; border: 0px; color: rgb(51, 51, 51); font-family: Raleway; background-color: rgb(255, 255, 255);\">Stormy weather has hampered bunker deliveries in Russia’s Novorossiysk and Taman intermittently since last week. The weather is forecast to calm in the two Black Sea ports on Wednesday afternoon, which might open for bunkering. Strong wind gusts are forecast again for a short period in the afternoon on Thursday, before several days of calmer weather will allow suppliers to work through backlogs.</p><p style=\"padding: 0px 0px 1em; margin-right: 0px; margin-bottom: 0px; margin-left: 0px; outline: none; list-style: none; border: 0px; color: rgb(51, 51, 51); font-family: Raleway; background-color: rgb(255, 255, 255);\">Source: ENGINE (<a href=\"https://engine.online/\" target=\"_blank\" rel=\"noopener\" style=\"padding: 0px; margin: 0px; outline: none; list-style: none; border: 0px; color: rgb(1, 123, 196); transition: all 0.2s ease-in-out 0s;\">https://engine.online/</a>)</p>', 'uploads/newsfeed/1616041949ENGINE_logo_290_down-120x100.jpg', NULL, '2021-03-18 04:32:29', '2021-03-18 04:32:29');

-- --------------------------------------------------------

--
-- Table structure for table `oauth_access_tokens`
--

CREATE TABLE `oauth_access_tokens` (
  `id` varchar(100) COLLATE utf8mb4_unicode_ci NOT NULL,
  `user_id` bigint(20) DEFAULT NULL,
  `client_id` int(10) UNSIGNED NOT NULL,
  `name` varchar(255) COLLATE utf8mb4_unicode_ci DEFAULT NULL,
  `scopes` text COLLATE utf8mb4_unicode_ci,
  `revoked` tinyint(1) NOT NULL,
  `created_at` timestamp NULL DEFAULT NULL,
  `updated_at` timestamp NULL DEFAULT NULL,
  `expires_at` datetime DEFAULT NULL
) ENGINE=InnoDB DEFAULT CHARSET=utf8mb4 COLLATE=utf8mb4_unicode_ci;

--
-- Dumping data for table `oauth_access_tokens`
--

INSERT INTO `oauth_access_tokens` (`id`, `user_id`, `client_id`, `name`, `scopes`, `revoked`, `created_at`, `updated_at`, `expires_at`) VALUES
('05a16e888b859f901fe798e8653e200ce2cbe04c82729daa3def62ea8c060350e79870173036102f', 56, 1, 'MyApp', '[]', 0, '2021-03-15 12:30:43', '2021-03-15 12:30:43', '2022-03-15 12:30:43'),
('0a98c63365a1f2fc02dbd3d40aa70110cd136b3c4d61e7be1ae868bb8cbd7e9be808f89c430c2ad5', 48, 1, 'MyApp', '[]', 0, '2021-03-12 06:36:01', '2021-03-12 06:36:01', '2022-03-12 06:36:01'),
('0c456167ff86eab169c31dadc7976d2cd3630543d30e987b5001f183cab1fa8e535a788dd6e24256', 34, 1, 'MyApp', '[]', 0, '2021-02-24 06:05:47', '2021-02-24 06:05:47', '2022-02-24 11:35:47'),
('0cd43fab7d536a5d60bfe5342cb77087bdf5f2cfeac0b4117b49bea94b36e3b49e2d7bdc4dd94eab', 56, 1, 'MyApp', '[]', 0, '2021-03-15 11:06:51', '2021-03-15 11:06:51', '2022-03-15 11:06:51'),
('0dab965578314c3dbc5d4f1199163c80703f0e47440e6adc4b1c47ab6eaf0c7a2d785289acdbb6ab', 48, 1, 'MyApp', '[]', 0, '2021-03-18 09:46:12', '2021-03-18 09:46:12', '2022-03-18 09:46:12'),
('0e52cdc6aa75a34e9cb640d30c65da420c0a34ba23a952fa2eeeb690b56b2f2f9c33d854ebd9a081', 24, 1, NULL, '[]', 0, '2021-02-24 05:18:47', '2021-02-24 05:18:47', '2022-02-24 10:48:47'),
('128436db466a10865e0252da0d253ad162acdfcd92b99e38ffe5252562afec13bd181dfaf237321e', 48, 1, 'MyApp', '[]', 0, '2021-03-17 12:08:05', '2021-03-17 12:08:05', '2022-03-17 12:08:05'),
('1706c8168515783ac21950295cd5cb9a2eef8b73a44cd00da94eae20400169a7e409e86d6d4b8a24', 48, 1, 'MyApp', '[]', 0, '2021-03-15 12:26:20', '2021-03-15 12:26:20', '2022-03-15 12:26:20'),
('183fc0bc4eb002c9f6f8f6a48140f6f2ad9fe828a18405fab3698616515fae2c797a8a02062c589f', 56, 1, 'MyApp', '[]', 0, '2021-03-15 10:47:55', '2021-03-15 10:47:55', '2022-03-15 10:47:55'),
('1a22f84c313c5f5d6b9ea52f9b0d7073a697226aa832ca165f98d34ce5c5898218e6d418fcb2216c', 49, 1, 'MyApp', '[]', 0, '2021-03-12 10:14:36', '2021-03-12 10:14:36', '2022-03-12 10:14:36'),
('1b7dcbc31235d2a866051124ac57dac6cab3263e0aec6c43dedc53d597a0f86f49bc8bec8b65df43', 51, 1, 'MyApp', '[]', 0, '2021-03-13 04:47:58', '2021-03-13 04:47:58', '2022-03-13 04:47:58'),
('21d1808d18620c5c58bfa027afe3ff5d6a35840d1d933e4dba48b5e3ab163d9997814b5c237d51c0', 63, 1, 'MyApp', '[]', 0, '2021-03-16 10:40:34', '2021-03-16 10:40:34', '2022-03-16 10:40:34'),
('227f16e44c94020d4eca83668f6c964e3ebfe4df8e8e40e3ed3a041eee99aaa462ef5ad21f0abf19', 45, 1, 'MyApp', '[]', 0, '2021-03-01 04:09:11', '2021-03-01 04:09:11', '2022-03-01 09:39:11'),
('238ee0c42e4666e4e0aa684f617c0247dd6b3869b7990367438cbcdc3af3ba18de3d129e21124f72', 47, 1, 'MyApp', '[]', 0, '2021-03-12 06:35:06', '2021-03-12 06:35:06', '2022-03-12 06:35:06'),
('252d961dcd476cccc2a75a33e1258c255e920dd69de3fb572a73fdcba48d34a0b083e97f7a97b003', 48, 1, 'MyApp', '[]', 0, '2021-03-16 08:58:04', '2021-03-16 08:58:04', '2022-03-16 08:58:04'),
('287a557ccffa8ca0fe620a3a71157215fe3dc892e0349c34bc9d571c318e39a070c08c25143ce5cb', 30, 1, NULL, '[]', 0, '2021-02-24 05:30:32', '2021-02-24 05:30:32', '2022-02-24 11:00:32'),
('2cc65f149cc71ee01cd1f30c40a96807724336dc5d903ccc5d2a62d8ed623f7115ae0f680b786da4', 48, 1, 'MyApp', '[]', 0, '2021-03-15 11:36:54', '2021-03-15 11:36:54', '2022-03-15 11:36:54'),
('2d33915dba92ca0721fe157a4e61f4bac1491e5b30bbfb7c79f53d3911a98c232a266bdf1c445b44', 47, 1, 'MyApp', '[]', 0, '2021-03-12 07:20:51', '2021-03-12 07:20:51', '2022-03-12 07:20:51'),
('2ecbf4b3072439ab1370fadb3e563c2823be9bb04934651e431299954b4b8229f480ef71e613f98f', 49, 1, 'MyApp', '[]', 0, '2021-03-17 12:07:27', '2021-03-17 12:07:27', '2022-03-17 12:07:27'),
('356dd26ed95ef023322a3501b035f8e1343b412daeda4c21586cf2eb790fe79540c8a4f456c73efd', 45, 1, 'MyApp', '[]', 0, '2021-03-02 02:40:20', '2021-03-02 02:40:20', '2022-03-02 08:10:20'),
('3824adccee657174baa62ef5ecb1b1885416ef2c57a1afdd64465156720b659c4bd67aa16f07c8e5', 38, 1, 'MyApp', '[]', 0, '2021-02-25 02:33:02', '2021-02-25 02:33:02', '2022-02-25 08:03:02'),
('3c60468841d15a1ec7f51be86a05987bdfdab2a3be32f2f631b3fc4471113156616bdb81059ccf4e', 36, 1, 'MyApp', '[]', 0, '2021-02-24 23:38:21', '2021-02-24 23:38:21', '2022-02-25 05:08:21'),
('3f445aa106b3451129ae20163419b0c9dc0fa30078679e9fed70e6c9357ab3badeecad7fc2f0d9f8', 47, 1, 'MyApp', '[]', 0, '2021-03-12 10:27:06', '2021-03-12 10:27:06', '2022-03-12 10:27:06'),
('3f58fc45526ddec3d09f981b4a699f62522702e0ee74f50002db4d6af4b41527028f80cd7ace37fc', 22, 1, 'MyApp', '[]', 0, '2021-03-18 06:52:19', '2021-03-18 06:52:19', '2022-03-18 06:52:19'),
('40de6d33ca381d8f1c27fce74d174f49d67e582eee99daae532fd55d2cd9e6ae1d030327b34fe3ef', 40, 1, 'MyApp', '[]', 0, '2021-02-25 03:25:53', '2021-02-25 03:25:53', '2022-02-25 08:55:53'),
('41b2eb46b23285fb18800920808568a7870dd815010cf9d4ec73e98e45ed8c590cb2450bab6ccedb', 63, 1, 'MyApp', '[]', 0, '2021-03-17 08:45:32', '2021-03-17 08:45:32', '2022-03-17 08:45:32'),
('438ca56e06f254965b20c0aeed951b02cf3479dac95018c80ce5f3d70fcac1ec34ac8a1b23fb66d1', 28, 1, NULL, '[]', 0, '2021-02-24 05:26:27', '2021-02-24 05:26:27', '2022-02-24 10:56:27'),
('451941858d74e3fea284510a8a389c915539fa33d3c1da303aac7c5e69c0a9bfd5fec40342b2b0db', 51, 1, 'MyApp', '[]', 0, '2021-03-13 04:47:35', '2021-03-13 04:47:35', '2022-03-13 04:47:35'),
('470786698b831baee9dd72f431f2eb920a384ea1c3ad9ab5fcf9b065d65c509bfa0b2e0ba2f60a24', 46, 1, 'MyApp', '[]', 0, '2021-03-17 07:35:33', '2021-03-17 07:35:33', '2022-03-17 07:35:33'),
('47c207cbc5d67a7e2e44ad52586cd52f0da8d3204aa4b65f651345ec993ad41f3f7745aed29f0c61', 48, 1, 'MyApp', '[]', 0, '2021-03-15 13:51:52', '2021-03-15 13:51:52', '2022-03-15 13:51:52'),
('4e2f3316ced9e6a7aead8a3e598254fa23d66ca5c5c1dad753bd5a5325ee93fb68af42641722afa4', 45, 1, 'MyApp', '[]', 0, '2021-03-02 02:40:45', '2021-03-02 02:40:45', '2022-03-02 08:10:45'),
('4fb04724c7a108ad4f10dc7f0b7a74a2b83509b25b734f5a35a8d9258f040216a243e02f1712cb5c', 36, 1, 'MyApp', '[]', 0, '2021-02-24 23:39:26', '2021-02-24 23:39:26', '2022-02-25 05:09:26'),
('527ae0f9fbc6a2dabbc4ed417b1212132757181eeb483558be4fb499420b8f1e529a4dff6b23a312', 47, 1, 'MyApp', '[]', 0, '2021-03-12 10:11:47', '2021-03-12 10:11:47', '2022-03-12 10:11:47'),
('55957130e223a217769227d74f6ef1dc05eea636773277cfe9e4d76810457052f75494b4bacef3bf', 31, 1, NULL, '[]', 0, '2021-02-24 05:33:17', '2021-02-24 05:33:17', '2022-02-24 11:03:17'),
('591aa9f7a70a95bd0e8ae418a965938439a35d1861eec8b7567cba49de8b27b3a8784ce3db432845', 67, 1, 'MyApp', '[]', 0, '2021-03-18 07:16:20', '2021-03-18 07:16:20', '2022-03-18 07:16:20'),
('59aec336c5ef472056885a4ecd34133bcc97eb8a2c2c07268ccc5400e3cc8144636d21b1333cfa9e', 48, 1, 'MyApp', '[]', 0, '2021-03-15 06:14:54', '2021-03-15 06:14:54', '2022-03-15 06:14:54'),
('5f30cf586b0a1975aec2e9871837e5d1ee411d3646d07152e9c2b06f8d7b0af7162435b50baffb5d', 36, 1, 'MyApp', '[]', 0, '2021-02-24 23:40:19', '2021-02-24 23:40:19', '2022-02-25 05:10:19'),
('66df5c9ad3622efecfc85e6c7e6dc1560b295cee2b082fe75e7ddcc67753c4bb7a10f14fafa3bb49', 48, 1, 'MyApp', '[]', 0, '2021-03-13 05:30:10', '2021-03-13 05:30:10', '2022-03-13 05:30:10'),
('67c2abfec69e5619e4f4858aa917b483eaae5abb3c99289f3b4e16a7f14cb46af6284d4a604cc460', 49, 1, 'MyApp', '[]', 0, '2021-03-12 10:24:50', '2021-03-12 10:24:50', '2022-03-12 10:24:50'),
('6e2003f7cfe5ab861804b7652faf7ee221db331b4d546a72596ebdc4a3d17518ed81f4099271c9c2', 61, 1, 'MyApp', '[]', 0, '2021-03-16 10:07:26', '2021-03-16 10:07:26', '2022-03-16 10:07:26'),
('71ea7c46acfb7ce6b9a80634277742d26480bd87446c55bde6905a1a429fad39a7f6a58b9a0ec735', 61, 1, 'MyApp', '[]', 0, '2021-03-16 10:16:22', '2021-03-16 10:16:22', '2022-03-16 10:16:22'),
('72095717379b7fa75da9af48907ca632d88ad4f8ab5b5779b8de7c6a593fa1cf6a21a16e6c79d5e2', 22, 1, 'MyApp', '[]', 0, '2021-02-27 12:56:45', '2021-02-27 12:56:45', '2022-02-27 18:26:45'),
('7cf39c1755d0541b606e46e98d14c6013342c7f9ba113a1289d8835d4951a3a1f907d255eaf89fd7', 22, 1, 'MyApp', '[]', 0, '2021-03-17 12:26:47', '2021-03-17 12:26:47', '2022-03-17 12:26:47'),
('7e9cb54eeae8ed97f9adf896012c7bb91e66e316864ac48d86931c19cf49e391350bd77bd6103c1e', 36, 1, 'MyApp', '[]', 0, '2021-02-24 23:39:05', '2021-02-24 23:39:05', '2022-02-25 05:09:05'),
('7fffbf27f8186d6fc9177009293935ae774a1272db621a5bf56e8a8f7be1edcf9a9ba4fe212b3e68', 48, 1, 'MyApp', '[]', 0, '2021-03-16 05:15:19', '2021-03-16 05:15:19', '2022-03-16 05:15:19'),
('834721cf15e55323978691489a6c15e509f654d7bc053237140b99d08eafe0ad9228bb405d79f4b6', 38, 1, 'MyApp', '[]', 0, '2021-02-25 02:26:41', '2021-02-25 02:26:41', '2022-02-25 07:56:41'),
('8411dbb6b22facaa76ca4befb1c69faae0ff2fef018c5f3ca58a4b4e3444a5814976a891b95763c8', 48, 1, 'MyApp', '[]', 0, '2021-03-12 10:07:58', '2021-03-12 10:07:58', '2022-03-12 10:07:58'),
('87d66c88005191d65871391654253e20d05660c17c9470cb15a4fae2e823848b29e3ded0c79a9c04', 44, 1, 'MyApp', '[]', 0, '2021-02-26 05:39:19', '2021-02-26 05:39:19', '2022-02-26 11:09:19'),
('87f747493d84ea6dd07ed7f1f24efaf9251c6a1052cb1f179f114733b09bd40b9512d0011d1d59c3', 36, 1, 'MyApp', '[]', 0, '2021-02-24 23:36:10', '2021-02-24 23:36:10', '2022-02-25 05:06:10'),
('8c4382927bdb96884a637eadbeab007c34247124c33c0b809be9efdee11cfaad2fe2f4a74dd49ec8', 25, 1, NULL, '[]', 0, '2021-02-24 05:19:41', '2021-02-24 05:19:41', '2022-02-24 10:49:41'),
('8e0a71f57ba60e86d82b84da09f790370100a22f3e43b352e6a0f6639933b368ac347d8dc72681b3', 48, 1, 'MyApp', '[]', 0, '2021-03-15 07:12:50', '2021-03-15 07:12:50', '2022-03-15 07:12:50'),
('9264cfe0abe207b66441ead4f8deaf923e4f3a63032a030d2dab5faee26cd437b0d61774165e3e45', 48, 1, 'MyApp', '[]', 0, '2021-03-12 07:21:57', '2021-03-12 07:21:57', '2022-03-12 07:21:57'),
('95bcbda56c71f8a6fed58da9f20d2ad16ff78713674165d63428c540cb9533211bef62142217abbf', 50, 1, 'MyApp', '[]', 0, '2021-03-12 13:46:43', '2021-03-12 13:46:43', '2022-03-12 13:46:43'),
('983e185e692a415e1f92b55231e4325ea00ce8d0f4544670fdc9ccb605c9a1532ffd67cd178e555c', 48, 1, 'MyApp', '[]', 0, '2021-03-12 06:35:47', '2021-03-12 06:35:47', '2022-03-12 06:35:47'),
('9a69a399f4e74468e8eeb9544731304b174f7dbab0837f8675e8f67b06586ea72ab1237e9fd4b751', 39, 1, 'MyApp', '[]', 0, '2021-02-25 02:42:20', '2021-02-25 02:42:20', '2022-02-25 08:12:20'),
('9ac21b4d96c3ff45555f53730f8661464e0ffac95856a799e55873da8a29fba48b0081aa78ce54fa', 48, 1, 'MyApp', '[]', 0, '2021-03-15 13:32:24', '2021-03-15 13:32:24', '2022-03-15 13:32:24'),
('9f2eb59758106966b78d51f7bfa3b67cc5d80d08eb3346a3f9a5fb30858717da83b5746713e7597d', 56, 1, 'MyApp', '[]', 0, '2021-03-15 11:04:33', '2021-03-15 11:04:33', '2022-03-15 11:04:33'),
('a08360859ec18e27ef33c0dccd21269bb569f04e21d1d63eb7b44b4c075ce6f71b67fc444a47d2ca', 56, 1, 'MyApp', '[]', 0, '2021-03-15 12:43:35', '2021-03-15 12:43:35', '2022-03-15 12:43:35'),
('a099772b58c54299ec0146e0bbc3a1db063368711382d85f07cff8affe930b12c3b2fd2ee2a388b9', 50, 1, 'MyApp', '[]', 0, '2021-03-12 13:47:10', '2021-03-12 13:47:10', '2022-03-12 13:47:10'),
('a26ef6b77e42e44c48cc8f9a48c21b1595d2d18241e96500877a2c7ca7ddce6c40a131ef9cce3414', 42, 1, 'MyApp', '[]', 0, '2021-02-25 03:33:23', '2021-02-25 03:33:23', '2022-02-25 09:03:23'),
('a5e76e277b686147f66e89e33878cc028d42014220b55969658133c585096177811db8c24b803e7a', 38, 1, 'MyApp', '[]', 0, '2021-02-25 02:33:03', '2021-02-25 02:33:03', '2022-02-25 08:03:03'),
('a615464cefb303626f6cc7f3c07d02263b96b9a30c4dab677189969409fa37947f5bd133f6badfb1', 22, 1, 'MyApp', '[]', 0, '2021-03-18 06:53:03', '2021-03-18 06:53:03', '2022-03-18 06:53:03'),
('a649da0ff90c676605950dca2aa7187fe42f878900bdda59f5718762a5cc2b5807eb3f08c9bfbf72', 48, 1, 'MyApp', '[]', 0, '2021-03-15 11:40:41', '2021-03-15 11:40:41', '2022-03-15 11:40:41'),
('a65a87262d08244f27f2a61592325aa4d73418df5391fa640655a9abef7b9a6f712807d488f59233', 48, 1, 'MyApp', '[]', 0, '2021-03-12 07:23:17', '2021-03-12 07:23:17', '2022-03-12 07:23:17'),
('a73ea5a887e4bad4df2515f0b35109e05807e5da8221bae8d8fc6ab70e0d72fb8fc3d3e15db3b49e', 56, 1, 'MyApp', '[]', 0, '2021-03-15 12:55:50', '2021-03-15 12:55:50', '2022-03-15 12:55:50'),
('a745f29f616b420116ee8c0e3c30bd51f594518025367e7e1df9c436dd482d8488afd16d52faa23a', 33, 1, NULL, '[]', 0, '2021-02-24 05:59:35', '2021-02-24 05:59:35', '2022-02-24 11:29:35'),
('a954119faab0c7b14d6673eb9673f9fc9f51b334530f70f17f7e0825824e95d969198c8d764102b7', 49, 1, 'MyApp', '[]', 0, '2021-03-16 15:59:51', '2021-03-16 15:59:51', '2022-03-16 15:59:51'),
('afd187817370eee36c8dfdf7249c20843e351826e14cd9b7bfdc0683c882333154740599e5104160', 27, 1, NULL, '[]', 0, '2021-02-24 05:24:14', '2021-02-24 05:24:14', '2022-02-24 10:54:14'),
('b28a25d8bfe9765b740b99504d12e5e1e0c18b8aa893a4892db3ac962565fb429b3cc6072d79217f', 48, 1, 'MyApp', '[]', 0, '2021-03-16 09:24:52', '2021-03-16 09:24:52', '2022-03-16 09:24:52'),
('b28eeef29a27bc545b64769d534fc1b605c8856743c1f2256ac96fc28dd801e9ff7e1b52a20066bf', 36, 1, 'MyApp', '[]', 0, '2021-02-24 23:35:25', '2021-02-24 23:35:25', '2022-02-25 05:05:25'),
('b3915cfca21b4902c836c15464b137f00f621095c661b51497a96813ce0d1a719ca125b781e101d1', 47, 1, 'MyApp', '[]', 0, '2021-03-12 06:36:18', '2021-03-12 06:36:18', '2022-03-12 06:36:18'),
('b561b4ab1d1d1c4147c7874b6869f2f7cba241ad348758c3bfe3a2334c950909eef059f1df9cce81', 48, 1, 'MyApp', '[]', 0, '2021-03-16 05:38:06', '2021-03-16 05:38:06', '2022-03-16 05:38:06'),
('b58b3a857caff6dc3d11472af4a672f6629023720df01b8a855554b4bbcc7bb2c9dbcd094f0d3839', 26, 1, NULL, '[]', 0, '2021-02-24 05:22:32', '2021-02-24 05:22:32', '2022-02-24 10:52:32'),
('b6aa39a44bda90bc26b2e8ac48da8a6a398b0c17ac0e83ba058e3aef75465b93d8daa7e85d6d3d0e', 63, 1, 'MyApp', '[]', 0, '2021-03-17 14:33:08', '2021-03-17 14:33:08', '2022-03-17 14:33:08'),
('b79f773d8d10b4313645f962a134d6fed87b808023bce81fce9761f86f0af94f859b1b5f5aa78c29', 48, 1, 'MyApp', '[]', 0, '2021-03-17 07:20:24', '2021-03-17 07:20:24', '2022-03-17 07:20:24'),
('b7fb9ffdce9c1a0825b4127d0254eaedb54471ddbb8e7ba21adb5d5cf2bd18d974c5cedb2d212356', 56, 1, 'MyApp', '[]', 0, '2021-03-15 11:10:48', '2021-03-15 11:10:48', '2022-03-15 11:10:48'),
('ba974124f4c567f7c347a9129f54cb128e71b4d1ef54af5a8cae7b266495bb2c1d6ac7714eadd751', 63, 1, 'MyApp', '[]', 0, '2021-03-17 09:31:12', '2021-03-17 09:31:12', '2022-03-17 09:31:12'),
('bf908f27e8092ce00e6ae7597c49bd59c19380d8a98ae93d0d66cc5213ef1a9120139b05526eeb26', 49, 1, 'MyApp', '[]', 0, '2021-03-17 04:10:01', '2021-03-17 04:10:01', '2022-03-17 04:10:01'),
('c238c750ee5340806a1a5222b083d0c86d51ce7f6dfdbd9fae9a18b3b2cb32531bc60af78929c225', 56, 1, 'MyApp', '[]', 0, '2021-03-15 10:47:22', '2021-03-15 10:47:22', '2022-03-15 10:47:22'),
('c389c0e2b8cf84c00583de8bac23e7d4e7fc01e948a1487e3c5be71fc3c85bb9cb0568476a42cabb', 42, 1, 'MyApp', '[]', 0, '2021-02-25 03:34:51', '2021-02-25 03:34:51', '2022-02-25 09:04:51'),
('c45675f714c3608009192b74f05568bba9d52dce9487d1b0d4cb691a879011b317adf6e26755c9e1', 49, 1, 'MyApp', '[]', 0, '2021-03-12 10:14:13', '2021-03-12 10:14:13', '2022-03-12 10:14:13'),
('c548637cbc0387a108db69000049ed96363c1f0f944ad987131d10583b4f2a0b207ed355f030de64', 42, 1, 'MyApp', '[]', 0, '2021-02-25 06:16:51', '2021-02-25 06:16:51', '2022-02-25 11:46:51'),
('c8d2994b66945caca5bec4c667d9c3be0df3867cf6dbb271f2b1f00f4c9ddd9bef0dcc61f8563f89', 46, 1, 'MyApp', '[]', 0, '2021-03-12 06:33:25', '2021-03-12 06:33:25', '2022-03-12 06:33:25'),
('c905ccdd723d3864a38eb1da4b91850de9d0b05a13645a216c440b61ec659be187c530c32b4f4f69', 68, 1, 'MyApp', '[]', 0, '2021-03-18 07:20:07', '2021-03-18 07:20:07', '2022-03-18 07:20:07'),
('ca910bacf136f71b6301fd46b1334f854c2959a58239c0db2c11d2b2bd14be2fae846dd247c55f80', 3, 1, 'MyApp', '[]', 0, '2021-03-02 23:47:04', '2021-03-02 23:47:04', '2022-03-03 05:17:04'),
('caeee9d472f44eda8cd11caeee562adba0931d65212dc7c340dc3f884a72ffd1c141039cad7553e5', 63, 1, 'MyApp', '[]', 0, '2021-03-16 10:39:59', '2021-03-16 10:39:59', '2022-03-16 10:39:59'),
('cc630d37bb56bf40df98fcbc34c8a6c59bde317b3f2affb60efc7141614524c9cff459b3d0fda94b', 41, 1, 'MyApp', '[]', 0, '2021-02-25 03:30:19', '2021-02-25 03:30:19', '2022-02-25 09:00:19'),
('cdb93f695f3e2a4193ad3c15d92b7c0f892916ef9a1f5a07fc8f4b60ec423ece2cd0f5784e70b0aa', 56, 1, 'MyApp', '[]', 0, '2021-03-15 12:36:52', '2021-03-15 12:36:52', '2022-03-15 12:36:52'),
('ce1b1dbdbe77513b3bd8aa9e4e9f82af162f8082a5709d658b90c394a81c6905b9090fbcbd80c968', 56, 1, 'MyApp', '[]', 0, '2021-03-15 11:07:46', '2021-03-15 11:07:46', '2022-03-15 11:07:46'),
('d4a6039f571ee7daf14f435f3301642fa9da8fef7e94315458ee245b3ab0e25962afe83b3017f05a', 43, 1, 'MyApp', '[]', 0, '2021-02-26 01:29:06', '2021-02-26 01:29:06', '2022-02-26 06:59:06'),
('d72791779f60038a740902a21912a6d35992de43f82165193b666351f41c92fc103630103156bf8b', 48, 1, 'MyApp', '[]', 0, '2021-03-18 09:41:15', '2021-03-18 09:41:15', '2022-03-18 09:41:15'),
('d86bdcae8d70657509b2221f4a8af61deab85b8ccbe1d94499b4fefeada056f2f45ac1666ec39e7e', 67, 1, 'MyApp', '[]', 0, '2021-03-18 07:16:52', '2021-03-18 07:16:52', '2022-03-18 07:16:52'),
('dde53821d1442034cbb3fd65b449c0c40d0742ddf709164a2f7f4faf9f333d1c1fc456c7de57ff47', 57, 1, 'MyApp', '[]', 0, '2021-03-16 02:32:30', '2021-03-16 02:32:30', '2022-03-16 02:32:30'),
('dfa4a5ce4cd4cfa4477ea333de9d4a8b220dc1abea41df5aee639305a42027dcefe971c7dce04e66', 48, 1, 'MyApp', '[]', 0, '2021-03-17 11:45:30', '2021-03-17 11:45:30', '2022-03-17 11:45:30'),
('e2dd5caa5971f2642db380040ad677ba6bee6bd2c38d9bcf41d1ac20e0b4c74779731add28c3c3c8', 68, 1, 'MyApp', '[]', 0, '2021-03-18 07:19:50', '2021-03-18 07:19:50', '2022-03-18 07:19:50'),
('e53c19508ee534036575e04a08c8d99af1ec845e9c287bf867647994bbfeb1f9758ba8a0103c8e7e', 34, 1, 'MyApp', '[]', 0, '2021-02-24 06:38:51', '2021-02-24 06:38:51', '2022-02-24 12:08:51'),
('e5c05eae119e56cfee3bef8125111f4d2dbbb6e4fff8986801259ed675cd88b9a4d8091320d60eae', 50, 1, 'MyApp', '[]', 0, '2021-03-16 15:58:50', '2021-03-16 15:58:50', '2022-03-16 15:58:50'),
('e8d1a08f01f8cad447b6ecc4ac5fb2b8ddcae7e96c626f5d8d2676d3d63a80e360ec6d914239b9cc', 62, 1, 'MyApp', '[]', 0, '2021-03-16 10:12:01', '2021-03-16 10:12:01', '2022-03-16 10:12:01'),
('e9cc6fc21e4b38d6fd2b811f67aa40f18267d2877350a261bbfb60d35e4014d0c1245d7488e5a9d4', 37, 1, 'MyApp', '[]', 0, '2021-02-25 00:52:43', '2021-02-25 00:52:43', '2022-02-25 06:22:43'),
('eb8ebd2c61a5715b719602b14f1a559e92aa1738c5262a266ac63f21b8aedd9d5d8e74dcc71db464', 48, 1, 'MyApp', '[]', 0, '2021-03-16 09:49:17', '2021-03-16 09:49:17', '2022-03-16 09:49:17'),
('ee5f84ba440467c161b92bc1b18fc13269c198349462554ecde3c6b5cac1a79ca23c815b5cde4309', 22, 1, 'MyApp', '[]', 0, '2021-03-17 10:44:52', '2021-03-17 10:44:52', '2022-03-17 10:44:52'),
('eee645f17a5b742505e042d9f20207ea8ff3ab9d5f01ca0de5cbd159e8c1aa5d7d3d14a9c5091834', 47, 1, 'MyApp', '[]', 0, '2021-03-12 07:12:41', '2021-03-12 07:12:41', '2022-03-12 07:12:41'),
('f3686e54115e1d8a7d6d3dc04f0caec424706bd55bc73a1d617a7460dfd0793a53a5af57d3055fe3', 47, 1, 'MyApp', '[]', 0, '2021-03-12 06:34:29', '2021-03-12 06:34:29', '2022-03-12 06:34:29'),
('f68e5dac685c7bf6c85b1b339f6ae8a0d336d6aa915099ffb5a85d910aa535affb41758e9bbba13e', 46, 1, 'MyApp', '[]', 0, '2021-03-16 09:00:46', '2021-03-16 09:00:46', '2022-03-16 09:00:46'),
('f79251f93beebe05e99c2514559e4c437fe8f718012073a2fcf506a499d886a9625a35c013c7fe95', 47, 1, 'MyApp', '[]', 0, '2021-03-13 06:29:39', '2021-03-13 06:29:39', '2022-03-13 06:29:39'),
('fa164a1d4ad94eedc50a5c070d215952931a9e6d75ba1e6e90f9ca537a22f0fb566b0efc2603700e', 48, 1, 'MyApp', '[]', 0, '2021-03-15 11:32:57', '2021-03-15 11:32:57', '2022-03-15 11:32:57'),
('fa333cfff9c8ae6ec8defc11393cd77e1390f3ae9eff546f042c758c6b693d5994433a1cc2e73108', 61, 1, 'MyApp', '[]', 0, '2021-03-16 10:07:00', '2021-03-16 10:07:00', '2022-03-16 10:07:00'),
('fda547f8857aceb1339a91fe3fa7c239d0ec1bb3090495a491a50eea0834d596fbc0161e8c211217', 63, 1, 'MyApp', '[]', 0, '2021-03-16 15:14:58', '2021-03-16 15:14:58', '2022-03-16 15:14:58');

-- --------------------------------------------------------

--
-- Table structure for table `oauth_auth_codes`
--

CREATE TABLE `oauth_auth_codes` (
  `id` varchar(100) COLLATE utf8mb4_unicode_ci NOT NULL,
  `user_id` bigint(20) NOT NULL,
  `client_id` int(10) UNSIGNED NOT NULL,
  `scopes` text COLLATE utf8mb4_unicode_ci,
  `revoked` tinyint(1) NOT NULL,
  `expires_at` datetime DEFAULT NULL
) ENGINE=InnoDB DEFAULT CHARSET=utf8mb4 COLLATE=utf8mb4_unicode_ci;

-- --------------------------------------------------------

--
-- Table structure for table `oauth_clients`
--

CREATE TABLE `oauth_clients` (
  `id` int(10) UNSIGNED NOT NULL,
  `user_id` bigint(20) DEFAULT NULL,
  `name` varchar(255) COLLATE utf8mb4_unicode_ci NOT NULL,
  `secret` varchar(100) COLLATE utf8mb4_unicode_ci NOT NULL,
  `redirect` text COLLATE utf8mb4_unicode_ci NOT NULL,
  `personal_access_client` tinyint(1) NOT NULL,
  `password_client` tinyint(1) NOT NULL,
  `revoked` tinyint(1) NOT NULL,
  `created_at` timestamp NULL DEFAULT NULL,
  `updated_at` timestamp NULL DEFAULT NULL
) ENGINE=InnoDB DEFAULT CHARSET=utf8mb4 COLLATE=utf8mb4_unicode_ci;

--
-- Dumping data for table `oauth_clients`
--

INSERT INTO `oauth_clients` (`id`, `user_id`, `name`, `secret`, `redirect`, `personal_access_client`, `password_client`, `revoked`, `created_at`, `updated_at`) VALUES
(1, NULL, 'Laravel Personal Access Client', 'DezzXzKGFHMqBH7SlhhTESkZJy9ivdrLnQLaNDlD', 'http://localhost', 1, 0, 0, '2021-02-24 05:17:59', '2021-02-24 05:17:59'),
(2, NULL, 'Laravel Password Grant Client', 'At1WKkrjmZYbV20imakMfr4MIYvY9ODaFoivHpk6', 'http://localhost', 0, 1, 0, '2021-02-24 05:17:59', '2021-02-24 05:17:59');

-- --------------------------------------------------------

--
-- Table structure for table `oauth_personal_access_clients`
--

CREATE TABLE `oauth_personal_access_clients` (
  `id` int(10) UNSIGNED NOT NULL,
  `client_id` int(10) UNSIGNED NOT NULL,
  `created_at` timestamp NULL DEFAULT NULL,
  `updated_at` timestamp NULL DEFAULT NULL
) ENGINE=InnoDB DEFAULT CHARSET=utf8mb4 COLLATE=utf8mb4_unicode_ci;

--
-- Dumping data for table `oauth_personal_access_clients`
--

INSERT INTO `oauth_personal_access_clients` (`id`, `client_id`, `created_at`, `updated_at`) VALUES
(1, 1, '2021-02-24 05:17:59', '2021-02-24 05:17:59');

-- --------------------------------------------------------

--
-- Table structure for table `oauth_refresh_tokens`
--

CREATE TABLE `oauth_refresh_tokens` (
  `id` varchar(100) COLLATE utf8mb4_unicode_ci NOT NULL,
  `access_token_id` varchar(100) COLLATE utf8mb4_unicode_ci NOT NULL,
  `revoked` tinyint(1) NOT NULL,
  `expires_at` datetime DEFAULT NULL
) ENGINE=InnoDB DEFAULT CHARSET=utf8mb4 COLLATE=utf8mb4_unicode_ci;

-- --------------------------------------------------------

--
-- Table structure for table `password_resets`
--

CREATE TABLE `password_resets` (
  `email` varchar(255) COLLATE utf8mb4_unicode_ci NOT NULL,
  `token` varchar(255) COLLATE utf8mb4_unicode_ci NOT NULL,
  `created_at` timestamp NULL DEFAULT NULL
) ENGINE=InnoDB DEFAULT CHARSET=utf8mb4 COLLATE=utf8mb4_unicode_ci;

--
-- Dumping data for table `password_resets`
--

INSERT INTO `password_resets` (`email`, `token`, `created_at`) VALUES
('qsaif253@gmail.com', '$2y$10$tOT88Qfq0LUj.K9EGB9AnuACh/9qiplK5uvcGpTCWa1p49OroCm.u', '2020-11-28 01:30:08'),
('sohaibtanwar27@gmail.com', '$2y$10$vGAwZWGxp61Gtrc6mgOMR.xUiR7tKmIRi7gqndcQ7Sgu1A2pK8Tr6', '2021-03-15 10:30:59'),
('zamindaraadil72@gmail.com', '$2y$10$rX/MQHrArfFFCufShOVtA.D6DL8C62gGdMHBBCSPhe9YBry7pnXpa', '2021-03-16 12:39:42'),
('jlascobra@gmail.com', '$2y$10$pHmdmwFZynq6N2Pu/aieWeG5GDEHhmW9TLv9KEHAI28mCKVSw99.W', '2021-03-16 12:46:34'),
('sameeebiet12@gmail.com', '$2y$10$jAN6EaLhXGu1e.B1cen/bOkHgEVbaeEkgiW/iIdQM8WbKY4Xqrl/q', '2021-03-16 12:49:24');

-- --------------------------------------------------------

--
-- Table structure for table `pdf_docs`
--

CREATE TABLE `pdf_docs` (
  `id` int(11) NOT NULL,
  `file_name` varchar(255) DEFAULT NULL,
  `file` text,
  `created_at` timestamp NULL DEFAULT NULL,
  `updated_at` timestamp NULL DEFAULT NULL
) ENGINE=InnoDB DEFAULT CHARSET=utf8mb4;

--
-- Dumping data for table `pdf_docs`
--

INSERT INTO `pdf_docs` (`id`, `file_name`, `file`, `created_at`, `updated_at`) VALUES
(2, 'Marine Supplier', 'uploads/documents/1615957433DSA UNIT 5.pdf', '2021-03-17 05:03:53', '2021-03-17 05:03:53'),
(3, 'Chandler Supplier', 'uploads/documents/1615957468DSA UNIT 5.pdf', '2021-03-17 05:04:28', '2021-03-17 05:04:28');

-- --------------------------------------------------------

--
-- Table structure for table `permissions`
--

CREATE TABLE `permissions` (
  `id` int(10) UNSIGNED NOT NULL,
  `name` varchar(255) COLLATE utf8mb4_unicode_ci NOT NULL,
  `guard_name` varchar(255) COLLATE utf8mb4_unicode_ci NOT NULL,
  `created_at` timestamp NULL DEFAULT NULL,
  `updated_at` timestamp NULL DEFAULT NULL
) ENGINE=InnoDB DEFAULT CHARSET=utf8mb4 COLLATE=utf8mb4_unicode_ci;

--
-- Dumping data for table `permissions`
--

INSERT INTO `permissions` (`id`, `name`, `guard_name`, `created_at`, `updated_at`) VALUES
(1, 'user_management_access', 'web', '2020-11-12 06:15:09', '2020-11-12 06:15:09'),
(2, 'user_management_create', 'web', '2020-11-12 06:15:09', '2020-11-12 06:15:09'),
(3, 'user_management_edit', 'web', '2020-11-12 06:15:09', '2020-11-12 06:15:09'),
(4, 'user_management_view', 'web', '2020-11-12 06:15:09', '2020-11-12 06:15:09'),
(5, 'user_management_delete', 'web', '2020-11-12 06:15:09', '2020-11-12 06:15:09'),
(6, 'permission_access', 'web', '2020-11-12 06:15:09', '2020-11-12 06:15:09'),
(7, 'permission_create', 'web', '2020-11-12 06:15:09', '2020-11-12 06:15:09'),
(8, 'permission_edit', 'web', '2020-11-12 06:15:09', '2020-11-12 06:15:09'),
(9, 'permission_view', 'web', '2020-11-12 06:15:09', '2020-11-12 06:15:09'),
(10, 'permission_delete', 'web', '2020-11-12 06:15:09', '2020-11-12 06:15:09'),
(11, 'role_access', 'web', '2020-11-12 06:15:09', '2020-11-12 06:15:09'),
(12, 'role_create', 'web', '2020-11-12 06:15:10', '2020-11-12 06:15:10'),
(13, 'role_edit', 'web', '2020-11-12 06:15:10', '2020-11-12 06:15:10'),
(14, 'role_view', 'web', '2020-11-12 06:15:10', '2020-11-12 06:15:10'),
(15, 'role_delete', 'web', '2020-11-12 06:15:10', '2020-11-12 06:15:10'),
(16, 'user_access', 'web', '2020-11-12 06:15:10', '2020-11-12 06:15:10'),
(17, 'user_create', 'web', '2020-11-12 06:15:10', '2020-11-12 06:15:10'),
(18, 'user_edit', 'web', '2020-11-12 06:15:10', '2020-11-12 06:15:10'),
(19, 'user_view', 'web', '2020-11-12 06:15:10', '2020-11-12 06:15:10'),
(20, 'user_delete', 'web', '2020-11-12 06:15:10', '2020-11-12 06:15:10'),
(21, 'course_access', 'web', '2020-11-12 06:15:10', '2020-11-12 06:15:10'),
(22, 'course_create', 'web', '2020-11-12 06:15:10', '2020-11-12 06:15:10'),
(23, 'course_edit', 'web', '2020-11-12 06:15:10', '2020-11-12 06:15:10'),
(24, 'course_view', 'web', '2020-11-12 06:15:10', '2020-11-12 06:15:10'),
(25, 'course_delete', 'web', '2020-11-12 06:15:10', '2020-11-12 06:15:10'),
(26, 'lesson_access', 'web', '2020-11-12 06:15:10', '2020-11-12 06:15:10'),
(27, 'lesson_create', 'web', '2020-11-12 06:15:10', '2020-11-12 06:15:10'),
(28, 'lesson_edit', 'web', '2020-11-12 06:15:10', '2020-11-12 06:15:10'),
(29, 'lesson_view', 'web', '2020-11-12 06:15:10', '2020-11-12 06:15:10'),
(30, 'lesson_delete', 'web', '2020-11-12 06:15:10', '2020-11-12 06:15:10'),
(31, 'question_access', 'web', '2020-11-12 06:15:10', '2020-11-12 06:15:10'),
(32, 'question_create', 'web', '2020-11-12 06:15:10', '2020-11-12 06:15:10'),
(33, 'question_edit', 'web', '2020-11-12 06:15:10', '2020-11-12 06:15:10'),
(34, 'question_view', 'web', '2020-11-12 06:15:10', '2020-11-12 06:15:10'),
(35, 'question_delete', 'web', '2020-11-12 06:15:10', '2020-11-12 06:15:10'),
(36, 'questions_option_access', 'web', '2020-11-12 06:15:10', '2020-11-12 06:15:10'),
(37, 'questions_option_create', 'web', '2020-11-12 06:15:10', '2020-11-12 06:15:10'),
(38, 'questions_option_edit', 'web', '2020-11-12 06:15:10', '2020-11-12 06:15:10'),
(39, 'questions_option_view', 'web', '2020-11-12 06:15:10', '2020-11-12 06:15:10'),
(40, 'questions_option_delete', 'web', '2020-11-12 06:15:10', '2020-11-12 06:15:10'),
(41, 'test_access', 'web', '2020-11-12 06:15:10', '2020-11-12 06:15:10'),
(42, 'test_create', 'web', '2020-11-12 06:15:10', '2020-11-12 06:15:10'),
(43, 'test_edit', 'web', '2020-11-12 06:15:10', '2020-11-12 06:15:10'),
(44, 'test_view', 'web', '2020-11-12 06:15:10', '2020-11-12 06:15:10'),
(45, 'test_delete', 'web', '2020-11-12 06:15:10', '2020-11-12 06:15:10'),
(46, 'order_access', 'web', '2020-11-12 06:15:10', '2020-11-12 06:15:10'),
(47, 'view backend', 'web', '2020-11-12 06:15:10', '2020-11-12 06:15:10'),
(48, 'category_access', 'web', '2020-11-12 06:15:10', '2020-11-12 06:15:10'),
(49, 'category_create', 'web', '2020-11-12 06:15:10', '2020-11-12 06:15:10'),
(50, 'category_edit', 'web', '2020-11-12 06:15:10', '2020-11-12 06:15:10'),
(51, 'category_view', 'web', '2020-11-12 06:15:10', '2020-11-12 06:15:10'),
(52, 'category_delete', 'web', '2020-11-12 06:15:10', '2020-11-12 06:15:10'),
(53, 'blog_access', 'web', '2020-11-12 06:15:10', '2020-11-12 06:15:10'),
(54, 'blog_create', 'web', '2020-11-12 06:15:10', '2020-11-12 06:15:10'),
(55, 'blog_edit', 'web', '2020-11-12 06:15:10', '2020-11-12 06:15:10'),
(56, 'blog_view', 'web', '2020-11-12 06:15:10', '2020-11-12 06:15:10'),
(57, 'blog_delete', 'web', '2020-11-12 06:15:10', '2020-11-12 06:15:10'),
(58, 'reason_access', 'web', '2020-11-12 06:15:10', '2020-11-12 06:15:10'),
(59, 'reason_create', 'web', '2020-11-12 06:15:10', '2020-11-12 06:15:10'),
(60, 'reason_edit', 'web', '2020-11-12 06:15:10', '2020-11-12 06:15:10'),
(61, 'reason_view', 'web', '2020-11-12 06:15:10', '2020-11-12 06:15:10'),
(62, 'reason_delete', 'web', '2020-11-12 06:15:10', '2020-11-12 06:15:10'),
(63, 'page_access', 'web', '2020-11-12 06:15:10', '2020-11-12 06:15:10'),
(64, 'page_create', 'web', '2020-11-12 06:15:10', '2020-11-12 06:15:10'),
(65, 'page_edit', 'web', '2020-11-12 06:15:10', '2020-11-12 06:15:10'),
(66, 'page_view', 'web', '2020-11-12 06:15:10', '2020-11-12 06:15:10'),
(67, 'page_delete', 'web', '2020-11-12 06:15:10', '2020-11-12 06:15:10'),
(68, 'bundle_access', 'web', '2020-11-12 06:15:10', '2020-11-12 06:15:10'),
(69, 'bundle_create', 'web', '2020-11-12 06:15:10', '2020-11-12 06:15:10'),
(70, 'bundle_edit', 'web', '2020-11-12 06:15:10', '2020-11-12 06:15:10'),
(71, 'bundle_view', 'web', '2020-11-12 06:15:10', '2020-11-12 06:15:10'),
(72, 'bundle_delete', 'web', '2020-11-12 06:15:10', '2020-11-12 06:15:10');

-- --------------------------------------------------------

--
-- Table structure for table `plan_info`
--

CREATE TABLE `plan_info` (
  `id` int(11) NOT NULL,
  `plan_id` int(11) NOT NULL,
  `user_id` int(11) NOT NULL,
  `start_date` date NOT NULL,
  `end_date` date NOT NULL,
  `amount` varchar(255) COLLATE utf8_unicode_ci NOT NULL,
  `created_at` timestamp NOT NULL DEFAULT CURRENT_TIMESTAMP ON UPDATE CURRENT_TIMESTAMP
) ENGINE=InnoDB DEFAULT CHARSET=utf8 COLLATE=utf8_unicode_ci;

-- --------------------------------------------------------

--
-- Table structure for table `plan_managment`
--

CREATE TABLE `plan_managment` (
  `id` int(11) NOT NULL,
  `plan_name` varchar(255) COLLATE utf8_unicode_ci NOT NULL,
  `plan_desc` text COLLATE utf8_unicode_ci NOT NULL,
  `price` varchar(255) COLLATE utf8_unicode_ci NOT NULL,
  `validity` varchar(255) COLLATE utf8_unicode_ci NOT NULL,
  `created_at` timestamp NOT NULL DEFAULT CURRENT_TIMESTAMP ON UPDATE CURRENT_TIMESTAMP
) ENGINE=InnoDB DEFAULT CHARSET=utf8 COLLATE=utf8_unicode_ci;

--
-- Dumping data for table `plan_managment`
--

INSERT INTO `plan_managment` (`id`, `plan_name`, `plan_desc`, `price`, `validity`, `created_at`) VALUES
(1, 'Annual Plan', 'Annual subscription plan applicable for a single user only.', '180', 'Yearly', '2020-09-06 10:37:41'),
(2, 'Half Year Plan', 'Half Year subscription plan applicable for a single user only.', '100', 'Half Yearly', '2020-09-06 10:37:21');

-- --------------------------------------------------------

--
-- Table structure for table `products`
--

CREATE TABLE `products` (
  `id` bigint(20) UNSIGNED NOT NULL,
  `admin_id` bigint(20) UNSIGNED DEFAULT NULL,
  `status` enum('blocked','pending','approved') COLLATE utf8mb4_unicode_ci NOT NULL DEFAULT 'pending',
  `title` varchar(255) COLLATE utf8mb4_unicode_ci DEFAULT NULL,
  `description` text COLLATE utf8mb4_unicode_ci,
  `main_image` varchar(255) COLLATE utf8mb4_unicode_ci DEFAULT NULL,
  `created_at` timestamp NULL DEFAULT NULL,
  `updated_at` timestamp NULL DEFAULT NULL,
  `published_at` datetime DEFAULT NULL,
  `deleted_at` timestamp NULL DEFAULT NULL
) ENGINE=InnoDB DEFAULT CHARSET=utf8mb4 COLLATE=utf8mb4_unicode_ci;

-- --------------------------------------------------------

--
-- Table structure for table `roles`
--

CREATE TABLE `roles` (
  `id` int(10) UNSIGNED NOT NULL,
  `name` varchar(255) COLLATE utf8mb4_unicode_ci NOT NULL,
  `guard_name` varchar(255) COLLATE utf8mb4_unicode_ci NOT NULL,
  `created_at` timestamp NULL DEFAULT NULL,
  `updated_at` timestamp NULL DEFAULT NULL
) ENGINE=InnoDB DEFAULT CHARSET=utf8mb4 COLLATE=utf8mb4_unicode_ci;

--
-- Dumping data for table `roles`
--

INSERT INTO `roles` (`id`, `name`, `guard_name`, `created_at`, `updated_at`) VALUES
(1, 'superadmin', 'web', '2020-11-12 06:15:09', '2020-11-12 06:15:09'),
(2, 'university', 'web', '2020-11-12 06:15:09', '2020-11-12 06:15:09'),
(3, 'client', 'web', '2020-11-12 06:15:09', '2020-11-12 06:15:09'),
(4, 'consultant', 'web', '2020-11-12 06:15:09', '2020-11-12 06:15:09'),
(5, 'subadmin', 'web', '2020-11-30 09:01:54', '2020-11-30 09:01:54');

-- --------------------------------------------------------

--
-- Table structure for table `role_has_permissions`
--

CREATE TABLE `role_has_permissions` (
  `permission_id` int(10) UNSIGNED NOT NULL,
  `role_id` int(10) UNSIGNED NOT NULL
) ENGINE=InnoDB DEFAULT CHARSET=utf8mb4 COLLATE=utf8mb4_unicode_ci;

--
-- Dumping data for table `role_has_permissions`
--

INSERT INTO `role_has_permissions` (`permission_id`, `role_id`) VALUES
(1, 1),
(2, 1),
(3, 1),
(4, 1),
(5, 1),
(6, 1),
(7, 1),
(8, 1),
(9, 1),
(10, 1),
(11, 1),
(12, 1),
(13, 1),
(14, 1),
(15, 1),
(16, 1),
(17, 1),
(18, 1),
(19, 1),
(20, 1),
(21, 1),
(22, 1),
(23, 1),
(24, 1),
(25, 1),
(26, 1),
(27, 1),
(28, 1),
(29, 1),
(30, 1),
(31, 1),
(32, 1),
(33, 1),
(34, 1),
(35, 1),
(36, 1),
(37, 1),
(38, 1),
(39, 1),
(40, 1),
(41, 1),
(42, 1),
(43, 1),
(44, 1),
(45, 1),
(46, 1),
(47, 1),
(48, 1),
(49, 1),
(50, 1),
(51, 1),
(52, 1),
(53, 1),
(54, 1),
(55, 1),
(56, 1),
(57, 1),
(58, 1),
(59, 1),
(60, 1),
(61, 1),
(62, 1),
(63, 1),
(64, 1),
(65, 1),
(66, 1),
(67, 1),
(68, 1),
(69, 1),
(70, 1),
(71, 1),
(72, 1),
(1, 2),
(21, 2),
(22, 2),
(23, 2),
(24, 2),
(25, 2),
(26, 2),
(27, 2),
(28, 2),
(29, 2),
(30, 2),
(31, 2),
(32, 2),
(33, 2),
(34, 2),
(35, 2),
(36, 2),
(37, 2),
(38, 2),
(39, 2),
(40, 2),
(41, 2),
(42, 2),
(43, 2),
(44, 2),
(45, 2),
(47, 2),
(48, 2),
(49, 2),
(51, 2),
(68, 2),
(69, 2),
(70, 2),
(71, 2),
(72, 2),
(47, 3);

-- --------------------------------------------------------

--
-- Table structure for table `subcategory`
--

CREATE TABLE `subcategory` (
  `id` int(11) NOT NULL,
  `cat_id` int(11) NOT NULL,
  `name` varchar(255) COLLATE utf8_unicode_ci NOT NULL
) ENGINE=InnoDB DEFAULT CHARSET=utf8 COLLATE=utf8_unicode_ci;

--
-- Dumping data for table `subcategory`
--

INSERT INTO `subcategory` (`id`, `cat_id`, `name`) VALUES
(3, 2, 'vncgmh');

-- --------------------------------------------------------

--
-- Table structure for table `transaction`
--

CREATE TABLE `transaction` (
  `id` int(11) NOT NULL,
  `user_id` int(11) NOT NULL,
  `transaction_id` varchar(255) COLLATE utf8_unicode_ci NOT NULL,
  `amount` int(11) NOT NULL,
  `plan_id` int(11) NOT NULL,
  `type` varchar(255) COLLATE utf8_unicode_ci NOT NULL,
  `cdate` datetime NOT NULL,
  `updated_at` timestamp NULL DEFAULT NULL
) ENGINE=InnoDB DEFAULT CHARSET=utf8 COLLATE=utf8_unicode_ci;

--
-- Dumping data for table `transaction`
--

INSERT INTO `transaction` (`id`, `user_id`, `transaction_id`, `amount`, `plan_id`, `type`, `cdate`, `updated_at`) VALUES
(1, 4, 'PAYID-L5NQNAI3NR037822T179200W', 100, 2, 'Upgrade', '2020-09-11 05:09:31', NULL),
(2, 1, 'PAYID-L5NQNVA8SJ74173410738457', 180, 1, 'Signup', '2020-09-11 05:11:10', NULL),
(3, 2, 'PAYID-L5NS7BQ0HR53660XH506833U', 100, 2, 'Upgrade', '2020-09-11 08:04:34', NULL),
(4, 0, 'PAYID-L5NZIMA44X23950UW629340V', 180, 1, 'Upgrade', '2020-09-11 15:14:01', NULL),
(5, 0, 'PAYID-L5N5IIA6TN30859AS009020C', 180, 1, 'Upgrade', '2020-09-11 19:46:50', NULL),
(6, 0, 'PAYID-L5O3IGY0YY05815P70885527', 180, 1, 'Upgrade', '2020-09-13 05:54:50', NULL),
(7, 3, 'PAYID-L5O3XFQ7YD62098J9245674T', 180, 1, 'Signup', '2020-09-13 06:26:40', NULL),
(8, 1, 'PAYID-L5XUNAY5VR241879E6228212', 100, 2, 'Upgrade', '2020-09-26 13:47:54', NULL),
(9, 1, 'PAYID-L5ZMN6Y0UD82536HJ132372X', 100, 2, 'Upgrade', '2020-09-29 05:32:49', NULL),
(10, 1, 'PAYID-L5ZQFEQ57P13260B38964907', 100, 2, 'Upgrade', '2020-09-29 09:47:09', NULL),
(11, 1, 'PAYID-L5ZQVMA8LV293387E7585343', 100, 2, 'Upgrade', '2020-09-29 10:22:04', NULL),
(12, 9, 'PAYID-L5ZSOOA50819380XX570232V', 100, 2, 'Signup', '2020-09-29 12:23:27', NULL),
(13, 10, 'PAYID-L5ZVBGQ4BW63862E5980650M', 180, 1, 'Upgrade', '2020-09-29 15:20:01', NULL),
(14, 9, 'PAYID-L52EESY0LK30790CX142454S', 180, 1, 'Upgrade', '2020-09-30 08:31:14', NULL),
(15, 9, 'PAYID-L53LWPA30885985B1710553X', 100, 2, 'Upgrade', '2020-10-02 05:31:47', NULL),
(16, 9, 'PAYID-L53L45Y37688775U1055041W', 180, 1, 'Upgrade', '2020-10-02 05:45:35', NULL),
(17, 12, 'PAYID-L53L6YI5EL82198UB227873L', 100, 2, 'Signup', '2020-10-02 05:49:29', NULL),
(18, 13, 'PAYID-L53MASQ5W2864427D329414Y', 100, 2, 'Upgrade', '2020-10-02 05:53:22', NULL),
(19, 14, 'PAYID-L53MSCY6WA70589HA6616622', 100, 2, 'Upgrade', '2020-10-02 06:30:45', NULL),
(20, 23, 'PAYID-L6VEHFQ04X53250GU4694607', 100, 2, 'Signup', '2020-11-10 07:39:11', NULL),
(21, 43, 'PAYID-MAJHAYI8FA52365C4037224B', 100, 2, 'Upgrade', '2021-01-28 08:06:43', NULL),
(22, 43, 'PAYID-MAJHBZI4TP85734V1104114F', 180, 1, 'Upgrade', '2021-01-28 08:09:17', NULL),
(23, 47, 'PAYID-MAOO4KI5NE64981XF811930L', 180, 1, 'Signup', '2021-02-05 07:06:44', NULL);

-- --------------------------------------------------------

--
-- Table structure for table `users`
--

CREATE TABLE `users` (
  `id` bigint(20) UNSIGNED NOT NULL,
  `first_name` varchar(255) COLLATE utf8mb4_unicode_ci DEFAULT NULL,
  `deleted_at` varchar(255) COLLATE utf8mb4_unicode_ci DEFAULT NULL,
  `last_name` varchar(255) COLLATE utf8mb4_unicode_ci DEFAULT NULL,
  `email` varchar(255) COLLATE utf8mb4_unicode_ci NOT NULL,
  `company` varchar(255) COLLATE utf8mb4_unicode_ci DEFAULT NULL,
  `job_title` text COLLATE utf8mb4_unicode_ci,
  `mobile` varchar(255) COLLATE utf8mb4_unicode_ci DEFAULT NULL,
  `status` enum('active','not_active') COLLATE utf8mb4_unicode_ci NOT NULL DEFAULT 'not_active',
  `address` varchar(255) COLLATE utf8mb4_unicode_ci DEFAULT NULL,
  `city` varchar(255) COLLATE utf8mb4_unicode_ci DEFAULT NULL,
  `country` varchar(255) COLLATE utf8mb4_unicode_ci DEFAULT NULL,
  `birth_year` smallint(5) UNSIGNED DEFAULT NULL,
  `image` varchar(255) COLLATE utf8mb4_unicode_ci DEFAULT NULL,
  `original_image_path` varchar(255) COLLATE utf8mb4_unicode_ci DEFAULT NULL,
  `email_verified_at` timestamp NULL DEFAULT NULL,
  `password` varchar(255) COLLATE utf8mb4_unicode_ci NOT NULL,
  `remember_token` varchar(100) COLLATE utf8mb4_unicode_ci DEFAULT NULL,
  `api_token` text COLLATE utf8mb4_unicode_ci,
  `token` text COLLATE utf8mb4_unicode_ci,
  `updated_at` varchar(255) COLLATE utf8mb4_unicode_ci DEFAULT NULL,
  `created_at` varchar(255) COLLATE utf8mb4_unicode_ci DEFAULT NULL
) ENGINE=InnoDB DEFAULT CHARSET=utf8mb4 COLLATE=utf8mb4_unicode_ci;

--
-- Dumping data for table `users`
--

INSERT INTO `users` (`id`, `first_name`, `deleted_at`, `last_name`, `email`, `company`, `job_title`, `mobile`, `status`, `address`, `city`, `country`, `birth_year`, `image`, `original_image_path`, `email_verified_at`, `password`, `remember_token`, `api_token`, `token`, `updated_at`, `created_at`) VALUES
(1, 'Admin', NULL, 'Istrator', 'admin@lms.com', NULL, NULL, NULL, 'not_active', NULL, NULL, NULL, NULL, NULL, NULL, NULL, '$2y$10$wzhYjiM.1FFQt4vgp5JmEesh8g6eU1k61S/r/BOuTJpAgU2F.dCIa', NULL, NULL, NULL, '2020-11-12 11:45:09', '2020-11-12 11:45:09'),
(2, 'Teacher', NULL, 'User', 'teacher@lms.com', NULL, NULL, NULL, 'not_active', NULL, NULL, NULL, NULL, NULL, NULL, NULL, '$2y$10$Id0xSE6mrFCX/TE2raukDOW4aokJxY6h3.cSb9EEHiHp.Qn2U8.ZO', NULL, NULL, NULL, '2020-11-12 11:45:09', '2020-11-12 11:45:09'),
(3, 'Student', NULL, 'User', 'student@lms.com', NULL, NULL, NULL, 'not_active', NULL, NULL, NULL, NULL, NULL, NULL, NULL, '$2y$10$vWenibXKwLrwLcnpv2NYtutLyjNyXPbQDxHjeOdwJacgGtlBCpLWG', NULL, 'eyJ0eXAiOiJKV1QiLCJhbGciOiJSUzI1NiIsImp0aSI6ImNhOTEwYmFjZjEzNmY3MWI2MzAxZmQ0NmIxMzM0Zjg1NGMyOTU5YTU4MjM5YzBkYjJjMTFkMmIyYmQxNGJlMmZhZTg0NmRkMjQ3YzU1ZjgwIn0.eyJhdWQiOiIxIiwianRpIjoiY2E5MTBiYWNmMTM2ZjcxYjYzMDFmZDQ2YjEzMzRmODU0YzI5NTlhNTgyMzljMGRiMmMxMWQyYjJiZDE0YmUyZmFlODQ2ZGQyNDdjNTVmODAiLCJpYXQiOjE2MTQ3NDg2MjQsIm5iZiI6MTYxNDc0ODYyNCwiZXhwIjoxNjQ2Mjg0NjI0LCJzdWIiOiIzIiwic2NvcGVzIjpbXX0.upFinGIBVVjUdzwkDSgGHgl_V1nXYMP5ddl3YCjAeyMX5M7IDdDIv78xU8MIJJHYZbKE3BOiLsozGA-Io-I76vpUUAOY6Y7I3fU69Ct-_8lMs_jY8UUEia4fbLP_EVKXlrROTj3iL3TAPEgugSLQ-y4D9aVyp7nAdkpQujZS6xKndUQA_dVyRhWNGmbzFbvf2pXNjAlOE3hG72-DvNo_UyqzlZo3Exr9K78rF7ZWufZKO-VrvRXesCXNviWE19Xw1SCqPFDL852nDyAj0n_m_HBKlc-1K8_59JfwQ4dPPlAiQ5dxjybA95dHOuEjJUVCFJbLh4nH-xw81BKR7T095SJwkBTZODy7C-BtHeDnKcVZw_uqowz2dTwsJbjj9XVzI99hDZRgkh5EZCvMD8Dxdjt4LHY6OHjWMOw2jdbIqOSJK5A8MFteIsLbyZbZlSnxWBB-E9RFfjaDcaLk21DCJIv21FeD8R1KX4dmG3UL6Sc1YNfKWWsivH7xzL8lcWnR8aFgYUnsk88c-hr_EA2IAx-HJJtynIfij4_rFKp1peb44y5izAvU-UB7-SO_0r_57L1QBSXbCzjw8rMGwzadCTuTZVPvD5cagxf8hcY_Xcv48bTTc892BBDWhXqAFLaRaaJjukJwNQt5Lgrgk8Bcxd0b5P2yk5GB1oDDjxF2VW4', 'eyJ0eXAiOiJKV1QiLCJhbGciOiJSUzI1NiIsImp0aSI6ImNhOTEwYmFjZjEzNmY3MWI2MzAxZmQ0NmIxMzM0Zjg1NGMyOTU5YTU4MjM5YzBkYjJjMTFkMmIyYmQxNGJlMmZhZTg0NmRkMjQ3YzU1ZjgwIn0.eyJhdWQiOiIxIiwianRpIjoiY2E5MTBiYWNmMTM2ZjcxYjYzMDFmZDQ2YjEzMzRmODU0YzI5NTlhNTgyMzljMGRiMmMxMWQyYjJiZDE0YmUyZmFlODQ2ZGQyNDdjNTVmODAiLCJpYXQiOjE2MTQ3NDg2MjQsIm5iZiI6MTYxNDc0ODYyNCwiZXhwIjoxNjQ2Mjg0NjI0LCJzdWIiOiIzIiwic2NvcGVzIjpbXX0.upFinGIBVVjUdzwkDSgGHgl_V1nXYMP5ddl3YCjAeyMX5M7IDdDIv78xU8MIJJHYZbKE3BOiLsozGA-Io-I76vpUUAOY6Y7I3fU69Ct-_8lMs_jY8UUEia4fbLP_EVKXlrROTj3iL3TAPEgugSLQ-y4D9aVyp7nAdkpQujZS6xKndUQA_dVyRhWNGmbzFbvf2pXNjAlOE3hG72-DvNo_UyqzlZo3Exr9K78rF7ZWufZKO-VrvRXesCXNviWE19Xw1SCqPFDL852nDyAj0n_m_HBKlc-1K8_59JfwQ4dPPlAiQ5dxjybA95dHOuEjJUVCFJbLh4nH-xw81BKR7T095SJwkBTZODy7C-BtHeDnKcVZw_uqowz2dTwsJbjj9XVzI99hDZRgkh5EZCvMD8Dxdjt4LHY6OHjWMOw2jdbIqOSJK5A8MFteIsLbyZbZlSnxWBB-E9RFfjaDcaLk21DCJIv21FeD8R1KX4dmG3UL6Sc1YNfKWWsivH7xzL8lcWnR8aFgYUnsk88c-hr_EA2IAx-HJJtynIfij4_rFKp1peb44y5izAvU-UB7-SO_0r_57L1QBSXbCzjw8rMGwzadCTuTZVPvD5cagxf8hcY_Xcv48bTTc892BBDWhXqAFLaRaaJjukJwNQt5Lgrgk8Bcxd0b5P2yk5GB1oDDjxF2VW4', '2021-03-03 05:17:05', '2020-11-12 11:45:09'),
(4, 'consultant', NULL, 'User', 'user@lms.com', NULL, NULL, NULL, 'not_active', NULL, NULL, NULL, NULL, NULL, NULL, NULL, '$2y$10$KREN/Y6lA946CXQ64cV.YuwI3XsLyyhgFhviuycI.AWq.0Y/rZcAG', NULL, NULL, NULL, '2020-11-12 11:45:09', '2020-11-12 11:45:09'),
(5, NULL, NULL, NULL, 'qwerty@gmail.com', NULL, NULL, NULL, 'not_active', NULL, NULL, NULL, NULL, NULL, NULL, NULL, '$2y$10$82uFkMgftl9zjFQkoTEcs.VeckOkH19k1/yjiXkf0zWQQ8/DhcoZS', NULL, NULL, NULL, '2020-11-13 07:10:35', '2020-11-13 07:10:35'),
(6, 'qwerty', NULL, 'qwerty', 'qwerty@qwerty.com', NULL, NULL, NULL, 'not_active', NULL, NULL, NULL, NULL, NULL, NULL, NULL, '$2y$10$jFqi.8xAew3F6hEt2ou4c.07wNyQUm5RZwF8resKQgzEgBPSecuUi', NULL, NULL, NULL, '2020-11-13 07:14:48', '2020-11-13 07:14:48'),
(8, 'qwerty', NULL, 'dsfddf', 'juneadkhan7@gmail.com', NULL, NULL, NULL, 'not_active', NULL, NULL, NULL, NULL, NULL, NULL, NULL, '$2y$10$Ht/YpNKsNJeZNhalxIfTlu9Y3msiXySNs/3owz/zgZhN11o47tuXu', NULL, NULL, NULL, '2020-11-13 07:24:45', '2020-11-13 07:24:45'),
(9, 'qwerty', NULL, 'qwerty', 'admin@gmail.com', NULL, NULL, NULL, 'not_active', NULL, NULL, NULL, NULL, NULL, NULL, NULL, '$2y$10$Wt.asQBgujL3MQJKramhJ.XiyXnxKUdPSXk.wnHo4WAaDPpi4kToi', NULL, NULL, NULL, '2020-11-13 07:32:38', '2020-11-13 07:32:38'),
(12, 'RTS', NULL, 'RTR', 'test3@gmail.com', NULL, NULL, '9983009819', 'not_active', NULL, NULL, NULL, NULL, NULL, NULL, NULL, '$2y$10$awOLJ0tcnYfWaDCeXIAiKOxzr0Si4leNOcPplRnjCkZvUPt/bR2by', NULL, NULL, NULL, '2020-11-17 06:25:31', '2020-11-17 06:25:31'),
(13, 'MOHAMMED', NULL, 'saif', 'qsaif253@gmail.com', NULL, NULL, '99830098192', 'not_active', NULL, NULL, NULL, NULL, NULL, NULL, NULL, '$2y$10$cCa262coZK9I6xFU2i0oYOuUOyqcqIU/.m592p8xKkdy0H6xvkUWy', NULL, NULL, NULL, '2020-11-22 07:14:31', '2020-11-22 07:14:31'),
(14, 'MOHAMMED', NULL, 'saif', 'qsaif255@gmail.com', NULL, NULL, '9787896543', 'not_active', NULL, NULL, NULL, NULL, NULL, NULL, NULL, '$2y$10$nXftxRfEIG9Lx2PFkamE/e6pRhp2bEF83Xi8C2kjOibKvNWmr7aXO', NULL, NULL, NULL, '2020-11-22 07:16:08', '2020-11-22 07:16:08'),
(17, 'MOHAMMED', NULL, 'MOHAMMED', 'qsaif233@gmail.co', NULL, NULL, '9983009810', 'not_active', NULL, NULL, NULL, NULL, NULL, NULL, NULL, '$2y$10$1sqTN9nFqD6NpQ1l0eoI/.6NvmKToKrCFB56ge3t9EIOho49LbZde', NULL, NULL, NULL, '2020-12-03 09:48:43', '2020-12-03 09:48:43'),
(18, 'test3', NULL, 'test3', 'test367@gmail.com', NULL, NULL, '9983009800', 'not_active', NULL, NULL, NULL, NULL, NULL, NULL, NULL, '$2y$10$vFWk4mGBXmSi38eroLSS0uPVHc.0U.AXJPSet6WZDRQLUKiZI1ZV2', NULL, NULL, NULL, '2020-12-03 11:49:09', '2020-12-03 11:49:09'),
(19, 'MOHAMMED', NULL, 'MOHAMMED', 'qsaif25993@gmail.com', NULL, NULL, '0987654321', 'not_active', NULL, NULL, NULL, NULL, NULL, NULL, NULL, '$2y$10$cpB9aMsJW50cGXD7KKWgDOBW4oHC9Lvuc829/O8eabTjFlsz6En7e', NULL, NULL, NULL, '2020-12-03 11:50:11', '2020-12-03 11:50:11'),
(20, 'Daud', NULL, 'Daud', 'test888@gmail.com', NULL, NULL, '098765432', 'not_active', NULL, NULL, NULL, NULL, NULL, NULL, NULL, '$2y$10$QXdel8sTdkB3DYQHL1mQqOaQAX8glLZJEDu0PTZ4IkWNcamKemM9C', NULL, NULL, NULL, '2020-12-03 11:52:55', '2020-12-03 11:52:55'),
(21, 'test3', NULL, 'test3', 'test30000@gmail.com', NULL, NULL, '9983009820', 'not_active', NULL, NULL, NULL, NULL, NULL, NULL, NULL, '$2y$10$e5yLMunhNulTkwSj5ID8AeHirXHACYTPI0oq0G72t5vk.XcBqkEoS', NULL, NULL, NULL, '2020-12-07 05:59:12', '2020-12-07 05:59:12'),
(22, 'sohiab', NULL, 'tanwar', 'sohaibtanwar27@gmail.com', NULL, NULL, '63526352652', 'not_active', NULL, NULL, NULL, NULL, NULL, NULL, NULL, '$2y$10$wzhYjiM.1FFQt4vgp5JmEesh8g6eU1k61S/r/BOuTJpAgU2F.dCIa', NULL, 'eyJ0eXAiOiJKV1QiLCJhbGciOiJSUzI1NiIsImp0aSI6ImE2MTU0NjRjZWZiMzAzNjI2ZjZjYzdmM2MwN2QwMjI2M2I5NmI5YTMwYzRkYWI2NzcxODk5Njk0MDlmYTM3OTQ3ZjViZDEzM2Y2YmFkZmIxIn0.eyJhdWQiOiIxIiwianRpIjoiYTYxNTQ2NGNlZmIzMDM2MjZmNmNjN2YzYzA3ZDAyMjYzYjk2YjlhMzBjNGRhYjY3NzE4OTk2OTQwOWZhMzc5NDdmNWJkMTMzZjZiYWRmYjEiLCJpYXQiOjE2MTYwNTAzODMsIm5iZiI6MTYxNjA1MDM4MywiZXhwIjoxNjQ3NTg2MzgzLCJzdWIiOiIyMiIsInNjb3BlcyI6W119.3cCXfts3XygTIG_8ANMTZ31yWsRtgIw5w4TOD1GLw3pVV-1cveI8N0IE9DgW_3ZuvDfAuTtnLXx5IyEsDFM-LwnaYUS9qkW-gVXHSK5X-lA87GhFTIPK4hgtm5dEvH4qbC6TMuvr6z9yQNKHuKzaDidtD3Ho-lHiTQDHWv7h7kuJ3SK6LxDtwBovQmvQHUCRC8YwRG_Ixbb9t9PGLotC4qLkShgeDIfz4QfgdEfymSSCCPfpiI8suJsyFVxQkcEotcS5nt4OeIxQ2bzSB1zr1INkrIdsACpyxdzg0A0G5zy_jq_bTRrJXdNbpRm5bGWikTwfFCBbuVQASuf6W3jpvPlippL4OdQascDLIc317WNJy011Q7o_otdTiBfhdHrwmPRqS5iu9Yd1hP10Lv-A3GgskVSreFiIi4epHaFVVPFbBikQncVFLsiAmo-xG9mx84MVL4H3cn6ihovUHmS4O5qk6UmjyXh7e-vRlcYmUbj2ogXpiHn8WE7KdVT5qwkY1mv4i02x1mInaKfrPIfCmi6_jrvuMzc-WV7A124zgDsnI1cEhK7TzwKrwKSH61X6bG48Am7B6zu6G4pFMe4mjC5H5pXVzQtPcHLr86nQeNkf736FCx_We__7rBSiddZrVV4CTzxPCBOKzlp1g6Q45rfYCOYYsv8NmDQFzGJvedM', 'eyJ0eXAiOiJKV1QiLCJhbGciOiJSUzI1NiIsImp0aSI6ImE2MTU0NjRjZWZiMzAzNjI2ZjZjYzdmM2MwN2QwMjI2M2I5NmI5YTMwYzRkYWI2NzcxODk5Njk0MDlmYTM3OTQ3ZjViZDEzM2Y2YmFkZmIxIn0.eyJhdWQiOiIxIiwianRpIjoiYTYxNTQ2NGNlZmIzMDM2MjZmNmNjN2YzYzA3ZDAyMjYzYjk2YjlhMzBjNGRhYjY3NzE4OTk2OTQwOWZhMzc5NDdmNWJkMTMzZjZiYWRmYjEiLCJpYXQiOjE2MTYwNTAzODMsIm5iZiI6MTYxNjA1MDM4MywiZXhwIjoxNjQ3NTg2MzgzLCJzdWIiOiIyMiIsInNjb3BlcyI6W119.3cCXfts3XygTIG_8ANMTZ31yWsRtgIw5w4TOD1GLw3pVV-1cveI8N0IE9DgW_3ZuvDfAuTtnLXx5IyEsDFM-LwnaYUS9qkW-gVXHSK5X-lA87GhFTIPK4hgtm5dEvH4qbC6TMuvr6z9yQNKHuKzaDidtD3Ho-lHiTQDHWv7h7kuJ3SK6LxDtwBovQmvQHUCRC8YwRG_Ixbb9t9PGLotC4qLkShgeDIfz4QfgdEfymSSCCPfpiI8suJsyFVxQkcEotcS5nt4OeIxQ2bzSB1zr1INkrIdsACpyxdzg0A0G5zy_jq_bTRrJXdNbpRm5bGWikTwfFCBbuVQASuf6W3jpvPlippL4OdQascDLIc317WNJy011Q7o_otdTiBfhdHrwmPRqS5iu9Yd1hP10Lv-A3GgskVSreFiIi4epHaFVVPFbBikQncVFLsiAmo-xG9mx84MVL4H3cn6ihovUHmS4O5qk6UmjyXh7e-vRlcYmUbj2ogXpiHn8WE7KdVT5qwkY1mv4i02x1mInaKfrPIfCmi6_jrvuMzc-WV7A124zgDsnI1cEhK7TzwKrwKSH61X6bG48Am7B6zu6G4pFMe4mjC5H5pXVzQtPcHLr86nQeNkf736FCx_We__7rBSiddZrVV4CTzxPCBOKzlp1g6Q45rfYCOYYsv8NmDQFzGJvedM', '2021-03-18 06:53:03', '2021-02-24 09:36:40'),
(24, 'sohiab', NULL, 'tanwar', 'sohaibtanwarjhjhhj27@gmail.com', NULL, NULL, '63525312512', 'not_active', NULL, NULL, NULL, NULL, NULL, NULL, NULL, '$2y$10$dvFdSnqaT6PdAISNaBrLMOZix35J7dY73l8cA3Wll81rlrCI29lEy', NULL, NULL, NULL, '2021-02-24 10:48:47', '2021-02-24 10:48:47'),
(25, 'sohiab', NULL, 'tanwar', 'sohaibtanwarjhj44hhj27@gmail.com', NULL, NULL, '6352530000', 'not_active', NULL, NULL, NULL, NULL, NULL, NULL, NULL, '$2y$10$5ACVamDyCHBJUbPTIuYGPeBFzrXV4PxjntvXzyDIzdAEFJCVVgF.u', NULL, NULL, NULL, '2021-02-24 10:49:41', '2021-02-24 10:49:41'),
(26, 'sohiab', NULL, 'tanwar', 'sohaibtanwarjhj44hhjjk27@gmail.com', NULL, NULL, '6352530990', 'not_active', NULL, NULL, NULL, NULL, NULL, NULL, NULL, '$2y$10$gxR/UYYKmAbuubFwIAUP.uM2OQD0LLqPT.PgWmFYtQxGuUSTKnYPe', NULL, NULL, NULL, '2021-02-24 10:52:32', '2021-02-24 10:52:32'),
(27, 'sohiab', NULL, 'tanwar', 'sohaibtanwarjkjkjhjhj44hhjjk27@gmail.com', NULL, NULL, '635246555990', 'not_active', NULL, NULL, NULL, NULL, NULL, NULL, NULL, '$2y$10$bG.Mv3arB6eH.cj/bGuis.q904VENuw2RWDeWWM/7SlHrUTcuzl9W', NULL, NULL, NULL, '2021-02-24 10:54:14', '2021-02-24 10:54:14'),
(28, 'sohiab', NULL, 'tanwar', 'sohaibtanwarjkjkjhjjhghjhj44hhjjk27@gmail.com', NULL, NULL, '63524654458', 'not_active', NULL, NULL, NULL, NULL, NULL, NULL, NULL, '$2y$10$1vv7kGlLPVYspzHwI8lnhu/qSFw7cnHv3jwbosUCvN3LM.KnDAuDm', NULL, NULL, NULL, '2021-02-24 10:56:27', '2021-02-24 10:56:27'),
(30, 'sohiab', NULL, 'tanwar', 'vhghgvhvhv@gmail.com', NULL, NULL, '5465646565645', 'not_active', NULL, NULL, NULL, NULL, NULL, NULL, NULL, '$2y$10$RdzKO7vFeyxpO4.KNlupLO40PLNy5d/G0O1iTFc7mIQSFxKrvh6DW', NULL, NULL, NULL, '2021-02-24 11:00:32', '2021-02-24 11:00:32'),
(31, 'sohiab', NULL, 'tanwar', 'df@gmail.com', NULL, NULL, '34534534534', 'not_active', NULL, NULL, NULL, NULL, NULL, NULL, NULL, '$2y$10$Cj9qi92vphN3VfVI5txN.eM2zCpWKUKhNhh9cDd3axsaeTS0U3Om6', NULL, NULL, NULL, '2021-02-24 11:03:17', '2021-02-24 11:03:17'),
(33, 'sohaib', NULL, 'tanwar', 'sohaibtanwar275@gmail.com', NULL, NULL, '64554612155', 'not_active', NULL, NULL, NULL, NULL, NULL, NULL, NULL, '$2y$10$sXRwCATwlR15qUPhPmbq9OjOciuWW/QJO0SnnplBH2/0zLQ7EhLgG', NULL, NULL, NULL, '2021-02-24 11:29:35', '2021-02-24 11:29:35'),
(34, 'sohaib', NULL, 'tanwar', 'sohai4btanwar275@gmail.com', NULL, NULL, '6455444612155', 'not_active', NULL, NULL, NULL, NULL, NULL, NULL, NULL, '$2y$10$OEwzC0u5ew3Mb.YWT3Iaue1xlTEBZyNNOoJiE89H.kVIqZu/bq/4S', NULL, NULL, NULL, '2021-02-24 11:35:47', '2021-02-24 11:35:47'),
(36, 'sohaib', NULL, 'tanwar', 'sohai4btanyyuyuwar275@gmail.com', NULL, NULL, '64554446121123355', 'not_active', NULL, NULL, NULL, NULL, NULL, NULL, NULL, '$2y$10$awBemV5Q3l8Hg2ZjiqEVXuHmzMcSoTTP0avn51v75Ou/wt9JiO4S.', NULL, 'eyJ0eXAiOiJKV1QiLCJhbGciOiJSUzI1NiIsImp0aSI6IjVmMzBjZjU4NmIwYTE5NzVhZWMyZTk4NzE4MzdlNWQxZWU0MTFkMzY0NmQwNzE1MmU5YzJiMDZmOGQ3YjBhZjcxNjI0MzViNTBiYWZmYjVkIn0.eyJhdWQiOiIxIiwianRpIjoiNWYzMGNmNTg2YjBhMTk3NWFlYzJlOTg3MTgzN2U1ZDFlZTQxMWQzNjQ2ZDA3MTUyZTljMmIwNmY4ZDdiMGFmNzE2MjQzNWI1MGJhZmZiNWQiLCJpYXQiOjE2MTQyMjk4MTksIm5iZiI6MTYxNDIyOTgxOSwiZXhwIjoxNjQ1NzY1ODE5LCJzdWIiOiIzNiIsInNjb3BlcyI6W119.LiMCI7fgEjVVB64snCFv0KNZo5JGj9TTadHe7ZdpyulQFOPGlGOWi_ECHb3URRZSBTK-_4VKuuLPB-_eMKaphbxvJwTvbLVYnaj01KyC_K3c16yeomXzzzLWpvF42JzuHN1NapEEmj_7AFFjVWSCm2s68FMBJU6p_g6Pul7C1ZC6c3e7bzba4rAqOzr6auOeqAFUpBvQtnAwKImbwRj8Eypjb5q1odZG6DJKAFoFIdKLb_K0_wCziHQ6lt2yijMOy9-mP2-eAGEu4v-1n30rfh0XofkNPnPKMAdEneQ_hdHXSAICEXTsnwcAzT1WzNXJyl0UmGekbJNwss66o3DwVhYxlVwOjRAJYlGr3Z-hItjQJzT3Zn2PyQY8uUyB49JAGxWAQFFHtUytzo_G19rx6-pr45h1ja6yWfrWtcxmMp9A_yMza59RQ3H_h1wDe8O8gD2erL-DBhOYy653AhyrBWfzz4k2O9fHSodTudLdKPCJgPbmnCTl59s5If4_8TcuACdqK4lz_HcOHobgZg6XtjNryuOChGae541Ynxab7cOX9b29GChMEOAvNS2pijdQe5HSu5UKE9Bu8mGeVkCQPlP9XPC1MKz_hrjqOujvsP84R-N_Dh8Jb13OZbPCqmbhd-CIKD8NjUxf8eDirMSmPnpLwZTD0rJDWQ0j-ty6aJk', 'eyJ0eXAiOiJKV1QiLCJhbGciOiJSUzI1NiIsImp0aSI6IjVmMzBjZjU4NmIwYTE5NzVhZWMyZTk4NzE4MzdlNWQxZWU0MTFkMzY0NmQwNzE1MmU5YzJiMDZmOGQ3YjBhZjcxNjI0MzViNTBiYWZmYjVkIn0.eyJhdWQiOiIxIiwianRpIjoiNWYzMGNmNTg2YjBhMTk3NWFlYzJlOTg3MTgzN2U1ZDFlZTQxMWQzNjQ2ZDA3MTUyZTljMmIwNmY4ZDdiMGFmNzE2MjQzNWI1MGJhZmZiNWQiLCJpYXQiOjE2MTQyMjk4MTksIm5iZiI6MTYxNDIyOTgxOSwiZXhwIjoxNjQ1NzY1ODE5LCJzdWIiOiIzNiIsInNjb3BlcyI6W119.LiMCI7fgEjVVB64snCFv0KNZo5JGj9TTadHe7ZdpyulQFOPGlGOWi_ECHb3URRZSBTK-_4VKuuLPB-_eMKaphbxvJwTvbLVYnaj01KyC_K3c16yeomXzzzLWpvF42JzuHN1NapEEmj_7AFFjVWSCm2s68FMBJU6p_g6Pul7C1ZC6c3e7bzba4rAqOzr6auOeqAFUpBvQtnAwKImbwRj8Eypjb5q1odZG6DJKAFoFIdKLb_K0_wCziHQ6lt2yijMOy9-mP2-eAGEu4v-1n30rfh0XofkNPnPKMAdEneQ_hdHXSAICEXTsnwcAzT1WzNXJyl0UmGekbJNwss66o3DwVhYxlVwOjRAJYlGr3Z-hItjQJzT3Zn2PyQY8uUyB49JAGxWAQFFHtUytzo_G19rx6-pr45h1ja6yWfrWtcxmMp9A_yMza59RQ3H_h1wDe8O8gD2erL-DBhOYy653AhyrBWfzz4k2O9fHSodTudLdKPCJgPbmnCTl59s5If4_8TcuACdqK4lz_HcOHobgZg6XtjNryuOChGae541Ynxab7cOX9b29GChMEOAvNS2pijdQe5HSu5UKE9Bu8mGeVkCQPlP9XPC1MKz_hrjqOujvsP84R-N_Dh8Jb13OZbPCqmbhd-CIKD8NjUxf8eDirMSmPnpLwZTD0rJDWQ0j-ty6aJk', '2021-02-25 05:10:19', '2021-02-25 05:05:21'),
(37, 'sohaib', NULL, 'tanwar', 'sohai4btanyyuyuwfdar275@gmail.com', NULL, NULL, '645544461213355', 'not_active', NULL, NULL, NULL, NULL, NULL, NULL, NULL, '$2y$10$d2LsatqEEco8C94vrTPj6.fvvn1RBHu7os5hbmQEqz4S.g64FIVk2', NULL, NULL, NULL, '2021-02-25 06:22:42', '2021-02-25 06:22:42'),
(38, 'sohaib', NULL, 'tanwar', 'sohai4btanwadsdsdr275@gmail.com', NULL, NULL, '645544461215534', 'not_active', 'india', NULL, NULL, NULL, NULL, NULL, NULL, '$2y$10$To9/ZsCikLXVpahoMVwXkOPjw.8hwHbv6zDeb9YPpD1QHueqU4WJq', NULL, 'eyJ0eXAiOiJKV1QiLCJhbGciOiJSUzI1NiIsImp0aSI6ImE1ZTc2ZTI3N2I2ODYxNDdmNjZlODllMzM4NzhjYzAyOGQ0MjAxNDIyMGI1NTk2OTY1ODEzM2M1ODUwOTYxNzc4MTFkYjhjMjRiODAzZTdhIn0.eyJhdWQiOiIxIiwianRpIjoiYTVlNzZlMjc3YjY4NjE0N2Y2NmU4OWUzMzg3OGNjMDI4ZDQyMDE0MjIwYjU1OTY5NjU4MTMzYzU4NTA5NjE3NzgxMWRiOGMyNGI4MDNlN2EiLCJpYXQiOjE2MTQyNDAxODMsIm5iZiI6MTYxNDI0MDE4MywiZXhwIjoxNjQ1Nzc2MTgzLCJzdWIiOiIzOCIsInNjb3BlcyI6W119.0sb0N08aSIoZ9HiBmWxlQ4fxDgaUD7nHKospPZKXctjJ_8lZ0yYCub2ZY4QLAz6KntK3vBImiHb6GKNQR9ZBTswjLXNxMsewwb-t1z1vPnalEKpPi6zJdlQylv8uj2qNtKEpRhSmW30rRGe-Y8O0nHq50qNNAHhSQt7spq5CH4-tMFXkB0AoMAkBap-daXHkpds-KpLyXPG2FEUghwydQQGIlEuLltnCkTWmlZauyZMIJGy7RZCIvJgWRpANpZSobHo9XQha1mWJW8JPV2wHNhXbV_n3iUENb9dmhp4R_heqXb31hYIx4_X3qXi2dXeyqxPlIUrT6g1E6gNPmqaTNnJ5pBxygrkf3EzPsV9Otl8iLljFBGdWnrGnOqvZ2-aLhvwYbTTxmnMwdRKL2-PdNGb_pH7QfzaRqw6H877f6FYiAJflt1QO9XJXMgYZMjl3pVkcDzGMz3z5aG9SPHpaAOAVOig25AKEnahnXnkUQ_9e_vwrKQpe7Q6IdIQGWkNTxH0lulw5H8epIuFA8Ywv2uelTXZRYfWR1UhI9kkfYHy3wmM_nAPSBEwI4OtHHxOuudP8nILD-B4g56t4vIm-GBv3FlPoeW6A5tXOyjxH39YM4xNMhTDx1l3TRzxy_qD2Pvm9byocsrJSmCQjI8G4I-XbKgfU1FguHY9HfSKMebk', 'eyJ0eXAiOiJKV1QiLCJhbGciOiJSUzI1NiIsImp0aSI6ImE1ZTc2ZTI3N2I2ODYxNDdmNjZlODllMzM4NzhjYzAyOGQ0MjAxNDIyMGI1NTk2OTY1ODEzM2M1ODUwOTYxNzc4MTFkYjhjMjRiODAzZTdhIn0.eyJhdWQiOiIxIiwianRpIjoiYTVlNzZlMjc3YjY4NjE0N2Y2NmU4OWUzMzg3OGNjMDI4ZDQyMDE0MjIwYjU1OTY5NjU4MTMzYzU4NTA5NjE3NzgxMWRiOGMyNGI4MDNlN2EiLCJpYXQiOjE2MTQyNDAxODMsIm5iZiI6MTYxNDI0MDE4MywiZXhwIjoxNjQ1Nzc2MTgzLCJzdWIiOiIzOCIsInNjb3BlcyI6W119.0sb0N08aSIoZ9HiBmWxlQ4fxDgaUD7nHKospPZKXctjJ_8lZ0yYCub2ZY4QLAz6KntK3vBImiHb6GKNQR9ZBTswjLXNxMsewwb-t1z1vPnalEKpPi6zJdlQylv8uj2qNtKEpRhSmW30rRGe-Y8O0nHq50qNNAHhSQt7spq5CH4-tMFXkB0AoMAkBap-daXHkpds-KpLyXPG2FEUghwydQQGIlEuLltnCkTWmlZauyZMIJGy7RZCIvJgWRpANpZSobHo9XQha1mWJW8JPV2wHNhXbV_n3iUENb9dmhp4R_heqXb31hYIx4_X3qXi2dXeyqxPlIUrT6g1E6gNPmqaTNnJ5pBxygrkf3EzPsV9Otl8iLljFBGdWnrGnOqvZ2-aLhvwYbTTxmnMwdRKL2-PdNGb_pH7QfzaRqw6H877f6FYiAJflt1QO9XJXMgYZMjl3pVkcDzGMz3z5aG9SPHpaAOAVOig25AKEnahnXnkUQ_9e_vwrKQpe7Q6IdIQGWkNTxH0lulw5H8epIuFA8Ywv2uelTXZRYfWR1UhI9kkfYHy3wmM_nAPSBEwI4OtHHxOuudP8nILD-B4g56t4vIm-GBv3FlPoeW6A5tXOyjxH39YM4xNMhTDx1l3TRzxy_qD2Pvm9byocsrJSmCQjI8G4I-XbKgfU1FguHY9HfSKMebk', '2021-02-25 08:03:03', '2021-02-25 07:56:41'),
(39, 'sohaib', NULL, 'tanwar', 'sohai4btanwadsdsdfsdr275@gmail.com', NULL, NULL, '6455444612234215534', 'not_active', 'india', NULL, NULL, NULL, NULL, NULL, NULL, '$2y$10$8Rh4creqLzdpNPz1hiInouBScm1KwAxavzIuB4cuUu1mkLC9PVHCi', NULL, NULL, NULL, '2021-02-25 08:12:20', '2021-02-25 08:12:20'),
(40, 'sohaib', NULL, 'tanwar', 'sufiyan@gmail.com', NULL, NULL, '6000000004', 'not_active', 'india', NULL, NULL, NULL, NULL, NULL, NULL, '$2y$10$buk1AKUzmoXt1Yq6B6dBnO75IVvE9rAQr/sCaOInI3ebmipO9VpT2', NULL, NULL, NULL, '2021-02-25 08:55:53', '2021-02-25 08:55:53'),
(41, 'sohaib', NULL, 'tanwar', 'suf343iyan@gmail.com', NULL, NULL, '6000000034304', 'not_active', 'india', NULL, NULL, NULL, NULL, NULL, NULL, '$2y$10$45UddsLSuVuleT3Xf6JJtODcKShmCu2OkEYx1XpttgQWvRHX3/HHy', NULL, NULL, NULL, '2021-02-25 09:00:19', '2021-02-25 09:00:19'),
(42, 'sohaib', NULL, 'tanwar', 'suf343i2yan@gmail.com', 'digitalcolf', 'developer', '60000022334304', 'not_active', 'india', 'sikar', 'india', NULL, NULL, NULL, NULL, '$2y$10$okI8dr.BZ84o8r7hsa5Ga.a3jPCpVghRC0ViKjv0V6IJIgCablT8.', NULL, 'eyJ0eXAiOiJKV1QiLCJhbGciOiJSUzI1NiIsImp0aSI6ImM1NDg2MzdjYmMwMzg3YTEwOGRiNjkwMDAwNDllZDk2MzYzYzFmMGY5NDRhZDk4NzEzMWQxMDU4M2I0ZjJhMGIyMDdlZDM1NWYwMzBkZTY0In0.eyJhdWQiOiIxIiwianRpIjoiYzU0ODYzN2NiYzAzODdhMTA4ZGI2OTAwMDA0OWVkOTYzNjNjMWYwZjk0NGFkOTg3MTMxZDEwNTgzYjRmMmEwYjIwN2VkMzU1ZjAzMGRlNjQiLCJpYXQiOjE2MTQyNTM2MTEsIm5iZiI6MTYxNDI1MzYxMSwiZXhwIjoxNjQ1Nzg5NjExLCJzdWIiOiI0MiIsInNjb3BlcyI6W119.GaK51S7K3lL0JGdj385cPCy5LG6qI0e8MorVfTMs-LuUAqtTiPK5RNi9aTwFHusXuBiKZBchsr4r58jK__2tHWmfXplOQlxw-ig_MJLf8IuaVySxZ3bVDtjY4MZxFcZ58BZwDzwQTU3mu7VGU5taOHfVLOuDliLztJdcApFcIGJgq7PTtdo61zVXBHDkWmXfPB_PNswZXxtgFgpZH2vhczpurMzIzR9oOCBzRot2bxrkEXLfw5gj-Wjoz9oaX0QREEcME2AwIqaDYxHP5NWbpIT7f-JwDsaf4Q0mcec5PaUj_WXfoz1eOiyFLVJwv0URJCdOhERtgpGWiJE_eEzvI4ooykx_AqW9yCwb_G9ntH4MxGFZHzks-5z5_JVZYTVTBmJj9c7EG7_Q3LDEAgcJJ_ZNO7VYLBE3b27XDoy3OOzWUNqgnwe7_uWUovu-gXIBc_abApvipoly-3-0_F8T1xPY0F3jo0dLHjynPsF0MaghyjfrN1KltHPsDOxnQS2OmSoyg_QoU22onjslMo1Op8KxQL5VzLl-tw-Ln8woj86-bx306o57a7cmmLs-mIctbo0dRmqbQiUg2dSxOJpTd7iXFKWcwaZ58fRA_9f7nXOWhVPKFpFd5gFyYYXIkEL0An1K3of_y6W6sQQTpv9bTO42h1W6yo20CEsCLv8SkZw', 'eyJ0eXAiOiJKV1QiLCJhbGciOiJSUzI1NiIsImp0aSI6ImM1NDg2MzdjYmMwMzg3YTEwOGRiNjkwMDAwNDllZDk2MzYzYzFmMGY5NDRhZDk4NzEzMWQxMDU4M2I0ZjJhMGIyMDdlZDM1NWYwMzBkZTY0In0.eyJhdWQiOiIxIiwianRpIjoiYzU0ODYzN2NiYzAzODdhMTA4ZGI2OTAwMDA0OWVkOTYzNjNjMWYwZjk0NGFkOTg3MTMxZDEwNTgzYjRmMmEwYjIwN2VkMzU1ZjAzMGRlNjQiLCJpYXQiOjE2MTQyNTM2MTEsIm5iZiI6MTYxNDI1MzYxMSwiZXhwIjoxNjQ1Nzg5NjExLCJzdWIiOiI0MiIsInNjb3BlcyI6W119.GaK51S7K3lL0JGdj385cPCy5LG6qI0e8MorVfTMs-LuUAqtTiPK5RNi9aTwFHusXuBiKZBchsr4r58jK__2tHWmfXplOQlxw-ig_MJLf8IuaVySxZ3bVDtjY4MZxFcZ58BZwDzwQTU3mu7VGU5taOHfVLOuDliLztJdcApFcIGJgq7PTtdo61zVXBHDkWmXfPB_PNswZXxtgFgpZH2vhczpurMzIzR9oOCBzRot2bxrkEXLfw5gj-Wjoz9oaX0QREEcME2AwIqaDYxHP5NWbpIT7f-JwDsaf4Q0mcec5PaUj_WXfoz1eOiyFLVJwv0URJCdOhERtgpGWiJE_eEzvI4ooykx_AqW9yCwb_G9ntH4MxGFZHzks-5z5_JVZYTVTBmJj9c7EG7_Q3LDEAgcJJ_ZNO7VYLBE3b27XDoy3OOzWUNqgnwe7_uWUovu-gXIBc_abApvipoly-3-0_F8T1xPY0F3jo0dLHjynPsF0MaghyjfrN1KltHPsDOxnQS2OmSoyg_QoU22onjslMo1Op8KxQL5VzLl-tw-Ln8woj86-bx306o57a7cmmLs-mIctbo0dRmqbQiUg2dSxOJpTd7iXFKWcwaZ58fRA_9f7nXOWhVPKFpFd5gFyYYXIkEL0An1K3of_y6W6sQQTpv9bTO42h1W6yo20CEsCLv8SkZw', '2021-02-25 11:46:52', '2021-02-25 09:03:23'),
(43, 'sohaib', NULL, 'tanwar', 'sufsfdfasdvhjgfsdrgan@gmail.com', 'digitalcolf', 'developer', '600000223343e4216346304', 'not_active', 'india', 'sikar', 'india', NULL, NULL, NULL, NULL, '$2y$10$6yuoQ9Qd6ADdqb2iLQH6MeyrAeaD/DMxAL2IdAkY1lnIXsptz3quy', NULL, NULL, NULL, '2021-02-26 06:59:03', '2021-02-26 06:59:03'),
(44, 'sohaib', NULL, 'tanwar', 'munnalendii@gmail.com', 'digitalcolf', 'developer', '00000000000000000', 'not_active', 'india', 'sikar', 'india', NULL, NULL, NULL, NULL, '$2y$10$6nA./hwuUwqY/mgKw/XpRuM2knREh/2.gFP37Z40CX5MS7j5FhlXa', NULL, NULL, NULL, '2021-02-26 11:09:19', '2021-02-26 11:09:19'),
(45, 'venom', NULL, 'venom', 'venom@sohsib.com', 'venom', 'venom', '12312312312', 'not_active', 'venom', 'venom', NULL, NULL, 'uploads/usersProfile/1615011827cap.png', NULL, NULL, '$2y$10$syOQCy.5kUn2otgasVvJD.4ChWzYhixCeiyAImZrJD4evI1DUn78O', NULL, 'eyJ0eXAiOiJKV1QiLCJhbGciOiJSUzI1NiIsImp0aSI6IjRlMmYzMzE2Y2VkOWU2YTdhZWFkOGEzZTU5ODI1NGZhMjNkNjZjYTVjNWMxZGFkNzUzYmQ1YTUzMjVlZTkzZmI2OGFmNDI2NDE3MjJhZmE0In0.eyJhdWQiOiIxIiwianRpIjoiNGUyZjMzMTZjZWQ5ZTZhN2FlYWQ4YTNlNTk4MjU0ZmEyM2Q2NmNhNWM1YzFkYWQ3NTNiZDVhNTMyNWVlOTNmYjY4YWY0MjY0MTcyMmFmYTQiLCJpYXQiOjE2MTQ2NzI2NDUsIm5iZiI6MTYxNDY3MjY0NSwiZXhwIjoxNjQ2MjA4NjQ1LCJzdWIiOiI0NSIsInNjb3BlcyI6W119.uwbPI_FJ5rVR3N_v_qgzntfYtEdrbgO3UpGBnfJomgXDIhGC9BpFoGISC8hfi5kAFn_zDLLSM1dBrjkcApqJ7E9phpEHjLYh5t1Lr7EofojDJ6jO2d85rNF6TNDfxFT6f9Z-5epiCahap1rpgUUdElI98liMNxvoTd60RJBpJmpxWuZfxokZxf6i1_GkCi7LvpIKRZfr6cNjtdpFYlBgRpWwl27_ezzujNfxnpJjNE-TmjkL6OxkgfzYtKo9m34wpsUneho1RDyK-3AC0RMxeisPNTTgm_Vwa9yrxsr8EnOxUINvxzEL7M5AwKtmdE4JhjOYLQ82n9oJ4i_SS9MCM4fkqu1GasWU5V_Yr1gIWphBN6b-k57mmNMbCyeO55F-dHwgjQSw3Zz-xQHe2wzBs5O9cHHpE1T5Lx_jSEV2mJtzuBr1Nme_VjVaVwjvu0-wG4RkBf3Qqs_Rxjac4FJuz7pysYEScLyIfXchFplasI1AUurl8ttqdqGFOHqjLoY1YP_V_5g5Z61Bz5h3rS793aOWQM0G_jHX2q2_zrQcjYdy_Jg-LDiIhrDQQKnsxA5kGxX7EVeR3TkOjL7qM00oHozuqExFvffNEhhFyCjnY8gfynWw94yOgKQjwPztXgLY3iAf49B-V3GJFv7bLJul3LkJlcRMviV0uSDsi2Mit8A', 'eyJ0eXAiOiJKV1QiLCJhbGciOiJSUzI1NiIsImp0aSI6IjRlMmYzMzE2Y2VkOWU2YTdhZWFkOGEzZTU5ODI1NGZhMjNkNjZjYTVjNWMxZGFkNzUzYmQ1YTUzMjVlZTkzZmI2OGFmNDI2NDE3MjJhZmE0In0.eyJhdWQiOiIxIiwianRpIjoiNGUyZjMzMTZjZWQ5ZTZhN2FlYWQ4YTNlNTk4MjU0ZmEyM2Q2NmNhNWM1YzFkYWQ3NTNiZDVhNTMyNWVlOTNmYjY4YWY0MjY0MTcyMmFmYTQiLCJpYXQiOjE2MTQ2NzI2NDUsIm5iZiI6MTYxNDY3MjY0NSwiZXhwIjoxNjQ2MjA4NjQ1LCJzdWIiOiI0NSIsInNjb3BlcyI6W119.uwbPI_FJ5rVR3N_v_qgzntfYtEdrbgO3UpGBnfJomgXDIhGC9BpFoGISC8hfi5kAFn_zDLLSM1dBrjkcApqJ7E9phpEHjLYh5t1Lr7EofojDJ6jO2d85rNF6TNDfxFT6f9Z-5epiCahap1rpgUUdElI98liMNxvoTd60RJBpJmpxWuZfxokZxf6i1_GkCi7LvpIKRZfr6cNjtdpFYlBgRpWwl27_ezzujNfxnpJjNE-TmjkL6OxkgfzYtKo9m34wpsUneho1RDyK-3AC0RMxeisPNTTgm_Vwa9yrxsr8EnOxUINvxzEL7M5AwKtmdE4JhjOYLQ82n9oJ4i_SS9MCM4fkqu1GasWU5V_Yr1gIWphBN6b-k57mmNMbCyeO55F-dHwgjQSw3Zz-xQHe2wzBs5O9cHHpE1T5Lx_jSEV2mJtzuBr1Nme_VjVaVwjvu0-wG4RkBf3Qqs_Rxjac4FJuz7pysYEScLyIfXchFplasI1AUurl8ttqdqGFOHqjLoY1YP_V_5g5Z61Bz5h3rS793aOWQM0G_jHX2q2_zrQcjYdy_Jg-LDiIhrDQQKnsxA5kGxX7EVeR3TkOjL7qM00oHozuqExFvffNEhhFyCjnY8gfynWw94yOgKQjwPztXgLY3iAf49B-V3GJFv7bLJul3LkJlcRMviV0uSDsi2Mit8A', '2021-03-06 06:23:47', '2021-02-28 12:09:50'),
(46, 'saad', NULL, 'bhtai', 'saadbhtai1002@gmail.com', 'saad', 'ceo', '+++91++8003403425', 'not_active', 'dsdf', 'sikar', 'rajasthan', NULL, '', NULL, NULL, '$2y$10$jz/d/p8EC4EIPFRWM4mcoukCkxU9a4M1q8prS8RbI1L7QZ18wUjpm', NULL, 'eyJ0eXAiOiJKV1QiLCJhbGciOiJSUzI1NiIsImp0aSI6IjQ3MDc4NjY5OGI4MzFiYWVlOWRkNzJmNDMxZjJlYjkyMGEzODRlYTFjM2FkOWFiNWZjZjliMDY1ZDY1YzUwOWJmYTBiMmUwYmEyZjYwYTI0In0.eyJhdWQiOiIxIiwianRpIjoiNDcwNzg2Njk4YjgzMWJhZWU5ZGQ3MmY0MzFmMmViOTIwYTM4NGVhMWMzYWQ5YWI1ZmNmOWIwNjVkNjVjNTA5YmZhMGIyZTBiYTJmNjBhMjQiLCJpYXQiOjE2MTU5NjY1MzMsIm5iZiI6MTYxNTk2NjUzMywiZXhwIjoxNjQ3NTAyNTMzLCJzdWIiOiI0NiIsInNjb3BlcyI6W119.r_6B6wqxyEhzks07FasaFZDDGrf7lWMzjfvxmIO9t3xB7KxfoDvaILtvlWDXc9VBP8nZNCTj1mrA1NGG8nO9CrwsV4jl9QSQyZNMO4Q8ZGsEwG8HpwZehWlopfYGTFkDA6sIMumg5O0vtdbfXY-VgmWfU36yoLQixpoWq6GY1yoGPiHTP4phtCoaGLGxeHIDnfX2rpguxktozEPXf5txbFgUOuzVNrXQGCSsgk7NcJe1QASy6NWZeyIEPxbztxVAxETBQTSav1AhRom3FfZ0NVdlltJ8S5Uzc594qiCYCjWo8AyyClqYnQ57HNzCUUwfoept_jKs_nnS9qmK59PafKiJ3BcsL-gm9-7BtQdGKYy6ePWay8-V5javRpGfPwWatON4D6X8BrK952nD_PeBFOP2oSsR_NZQNaRxVQlA3aciMYx6Papptf8h3QyuCjddsE3Nj1qVDtBfG6w5EJHuYzlDTFS0qvbHI21OqX_z0XGm-FrVW5-D5P8-YVo5vwuRP2KH1rI6D9YVu6hbF31L7Q8ccETCbViHy8oGL8RhAI8qTwp-r1xCBIbc5TycmXQwyWx54CiltWffHoEWzF5sKrF8WfcJhX3DL1pqMYhkPQdZcPe1wP9zvfqGQPvylzge8FhgKS46YW627N_HqiW2gHyC3kTi5SeG-TdURNfTMUY', 'eyJ0eXAiOiJKV1QiLCJhbGciOiJSUzI1NiIsImp0aSI6IjQ3MDc4NjY5OGI4MzFiYWVlOWRkNzJmNDMxZjJlYjkyMGEzODRlYTFjM2FkOWFiNWZjZjliMDY1ZDY1YzUwOWJmYTBiMmUwYmEyZjYwYTI0In0.eyJhdWQiOiIxIiwianRpIjoiNDcwNzg2Njk4YjgzMWJhZWU5ZGQ3MmY0MzFmMmViOTIwYTM4NGVhMWMzYWQ5YWI1ZmNmOWIwNjVkNjVjNTA5YmZhMGIyZTBiYTJmNjBhMjQiLCJpYXQiOjE2MTU5NjY1MzMsIm5iZiI6MTYxNTk2NjUzMywiZXhwIjoxNjQ3NTAyNTMzLCJzdWIiOiI0NiIsInNjb3BlcyI6W119.r_6B6wqxyEhzks07FasaFZDDGrf7lWMzjfvxmIO9t3xB7KxfoDvaILtvlWDXc9VBP8nZNCTj1mrA1NGG8nO9CrwsV4jl9QSQyZNMO4Q8ZGsEwG8HpwZehWlopfYGTFkDA6sIMumg5O0vtdbfXY-VgmWfU36yoLQixpoWq6GY1yoGPiHTP4phtCoaGLGxeHIDnfX2rpguxktozEPXf5txbFgUOuzVNrXQGCSsgk7NcJe1QASy6NWZeyIEPxbztxVAxETBQTSav1AhRom3FfZ0NVdlltJ8S5Uzc594qiCYCjWo8AyyClqYnQ57HNzCUUwfoept_jKs_nnS9qmK59PafKiJ3BcsL-gm9-7BtQdGKYy6ePWay8-V5javRpGfPwWatON4D6X8BrK952nD_PeBFOP2oSsR_NZQNaRxVQlA3aciMYx6Papptf8h3QyuCjddsE3Nj1qVDtBfG6w5EJHuYzlDTFS0qvbHI21OqX_z0XGm-FrVW5-D5P8-YVo5vwuRP2KH1rI6D9YVu6hbF31L7Q8ccETCbViHy8oGL8RhAI8qTwp-r1xCBIbc5TycmXQwyWx54CiltWffHoEWzF5sKrF8WfcJhX3DL1pqMYhkPQdZcPe1wP9zvfqGQPvylzge8FhgKS46YW627N_HqiW2gHyC3kTi5SeG-TdURNfTMUY', '2021-03-17 10:45:31', '2021-03-12 06:33:25'),
(47, 'test', NULL, 'test', 'test@gmail.com', 'csdc', 'dvsds', '+91++9057337428', 'not_active', 'dvsvs', 'dsvsdvsdv', 'vdsdvsv', NULL, NULL, NULL, NULL, '$2y$10$nxXYyvAjjsIVzEkZ4NyAdeos5BkJpaAYTsw2wlheib4vl1I/FQnai', NULL, 'eyJ0eXAiOiJKV1QiLCJhbGciOiJSUzI1NiIsImp0aSI6ImY3OTI1MWY5M2JlZWJlMDVlOTljMjUxNDU1OWU0YzQzN2ZlOGY3MTgwMTIwNzNhMmZjZjUwNmE0OTlkODg2YTk2MjVhMzVjMDEzYzdmZTk1In0.eyJhdWQiOiIxIiwianRpIjoiZjc5MjUxZjkzYmVlYmUwNWU5OWMyNTE0NTU5ZTRjNDM3ZmU4ZjcxODAxMjA3M2EyZmNmNTA2YTQ5OWQ4ODZhOTYyNWEzNWMwMTNjN2ZlOTUiLCJpYXQiOjE2MTU2MTY5NzksIm5iZiI6MTYxNTYxNjk3OSwiZXhwIjoxNjQ3MTUyOTc5LCJzdWIiOiI0NyIsInNjb3BlcyI6W119.L0z3-KuiRWyVBCNj_xffBi_wyekMKBplkBYvxsfgiJdwadkHjKZmiOpcRRrSCxzzd5837wuIsxmtbiEJxZLMpR4ZqP5Zhm2NLPeVHNBIhfzWbj-dJjnpLqRFXYh1osSPlf6ZfuM4FZNFayGrdbCLeJOHLZmwCTpLjFD-CVb_phlWCvr5j6Fb2NZRmBRbgtkrBsv_alMYAJuQIIyWWiNMAtAoEKbapktobI6AIIhMzKArp0y5brCuyw1mpACHFBsI98vbywKPGrn-8xaOPzC6DvAoPQviVrfeVqvEOP1enSmmEUtDklo3BNOK_cqm22JaLPeuqbrHo-_ArIx2F5jeEcp7qeRwkkqFYKR92LXKv8t47vM-U-Qiec1e5HNnY1T71vBAs-x-UnKvw5t-lnuFa_JNnMO7DsDwPwmKWVi2Ws82cprG4ezD8-SVGh9bIQYkw-tnHnHj-q4vqopxJ8oZYVAGAsjvqM1ou8LpWjsZ36uQCxjcX8ILvHj1uvQAoHB6WfjwHKAKVhfwkjI8YwueBFePxTHN64mEPb8VTVc-NSw4MjZAwc1cwjlqbahSle4aG_pO7XTHsO12DW27GJ0Lj73ntGTXM1YxsXrcINF5GdEieHcBM6ViAgjgcEORB1gecm2GXfOLyByC0zNUbuFsBk6pkx-S5TBeBGu4zwZbACY', 'eyJ0eXAiOiJKV1QiLCJhbGciOiJSUzI1NiIsImp0aSI6ImY3OTI1MWY5M2JlZWJlMDVlOTljMjUxNDU1OWU0YzQzN2ZlOGY3MTgwMTIwNzNhMmZjZjUwNmE0OTlkODg2YTk2MjVhMzVjMDEzYzdmZTk1In0.eyJhdWQiOiIxIiwianRpIjoiZjc5MjUxZjkzYmVlYmUwNWU5OWMyNTE0NTU5ZTRjNDM3ZmU4ZjcxODAxMjA3M2EyZmNmNTA2YTQ5OWQ4ODZhOTYyNWEzNWMwMTNjN2ZlOTUiLCJpYXQiOjE2MTU2MTY5NzksIm5iZiI6MTYxNTYxNjk3OSwiZXhwIjoxNjQ3MTUyOTc5LCJzdWIiOiI0NyIsInNjb3BlcyI6W119.L0z3-KuiRWyVBCNj_xffBi_wyekMKBplkBYvxsfgiJdwadkHjKZmiOpcRRrSCxzzd5837wuIsxmtbiEJxZLMpR4ZqP5Zhm2NLPeVHNBIhfzWbj-dJjnpLqRFXYh1osSPlf6ZfuM4FZNFayGrdbCLeJOHLZmwCTpLjFD-CVb_phlWCvr5j6Fb2NZRmBRbgtkrBsv_alMYAJuQIIyWWiNMAtAoEKbapktobI6AIIhMzKArp0y5brCuyw1mpACHFBsI98vbywKPGrn-8xaOPzC6DvAoPQviVrfeVqvEOP1enSmmEUtDklo3BNOK_cqm22JaLPeuqbrHo-_ArIx2F5jeEcp7qeRwkkqFYKR92LXKv8t47vM-U-Qiec1e5HNnY1T71vBAs-x-UnKvw5t-lnuFa_JNnMO7DsDwPwmKWVi2Ws82cprG4ezD8-SVGh9bIQYkw-tnHnHj-q4vqopxJ8oZYVAGAsjvqM1ou8LpWjsZ36uQCxjcX8ILvHj1uvQAoHB6WfjwHKAKVhfwkjI8YwueBFePxTHN64mEPb8VTVc-NSw4MjZAwc1cwjlqbahSle4aG_pO7XTHsO12DW27GJ0Lj73ntGTXM1YxsXrcINF5GdEieHcBM6ViAgjgcEORB1gecm2GXfOLyByC0zNUbuFsBk6pkx-S5TBeBGu4zwZbACY', '2021-03-13 06:29:39', '2021-03-12 06:34:29'),
(48, 'vdvdsvsdv', NULL, 'dvsdvdsdvdvdd', 'saadbhati1002@gmail.com', 'scsacc', 'asacscs', '+++91++9928533425', 'not_active', 'csascasc', 'scascsacc', 'scscasc', NULL, '', NULL, NULL, '$2y$10$eAI/9wo4yQxir951j6.dAO0Im4ZIo0ojEYsx.0etAwzNJ7gKvL9Uq', NULL, 'eyJ0eXAiOiJKV1QiLCJhbGciOiJSUzI1NiIsImp0aSI6IjBkYWI5NjU1NzgzMTRjM2RiYzVkNGYxMTk5MTYzYzgwNzAzZjBlNDc0NDBlNmFkYzRiMWM0N2FiNmVhZjBjN2EyZDc4NTI4OWFjZGJiNmFiIn0.eyJhdWQiOiIxIiwianRpIjoiMGRhYjk2NTU3ODMxNGMzZGJjNWQ0ZjExOTkxNjNjODA3MDNmMGU0NzQ0MGU2YWRjNGIxYzQ3YWI2ZWFmMGM3YTJkNzg1Mjg5YWNkYmI2YWIiLCJpYXQiOjE2MTYwNjA3NzIsIm5iZiI6MTYxNjA2MDc3MiwiZXhwIjoxNjQ3NTk2NzcyLCJzdWIiOiI0OCIsInNjb3BlcyI6W119.zT93_pCGQpioNnfeg6O95VnJkeJhoFPeJ4wp8t_8EKY5igUUWWMm6ZlYriBjNjSbhSDuODfuu2WQnA0iE-b4sxtBL-fZT15wZWEBGfU8-jKyiQkMYlVyKiESmO3S2nCGO114ZYhWgT6PEz0vtgY-_VZUVyTabOfXSicc78YdT3mou74AY67BxcnKV6TEgHlVchpgTqR2tC8VA--FN7OgvsFCKwVvLy5ZOEE5aeMHk9I_lTLX-fYI31lFBXe1aZ3l-AzLvuCOerRy93CTXUY52sAhzkM707G_7olyvne5vC5miDgER_AWZEOUjovtqaPyAvRokPg6dKBDB7zqzGTk_31HZz27AJQMq0cr9qBoHmjgME7MILp7Yj9ovOhml7uAjn01oPSWU9N7c9Nchk9JeE8c-MncOdjtvDWnLIPvXPlH-fhq-_zBORZuJBkT0iTo5rztsgiPb0cYvJgJeHNS-psD7lUPaLJLqB-DSklGewkJtpTyQoFVVdFlSC_GkdrKt5p52-GZPIBL0sIgwLNkbU15DStBXytbXfUFcCmgz0w3rU9P_SpI1YSJQHxON8Y4R_3yy9dqhcEyKdA5dnLrnvRlHb_NTtheCXEbR7xvgnNk1zanpJikq2RZHlv86S--GxcasxGSnykZZs-94EhFKJl-NyPlfQoPR1-EIAB8q4E', 'eyJ0eXAiOiJKV1QiLCJhbGciOiJSUzI1NiIsImp0aSI6IjBkYWI5NjU1NzgzMTRjM2RiYzVkNGYxMTk5MTYzYzgwNzAzZjBlNDc0NDBlNmFkYzRiMWM0N2FiNmVhZjBjN2EyZDc4NTI4OWFjZGJiNmFiIn0.eyJhdWQiOiIxIiwianRpIjoiMGRhYjk2NTU3ODMxNGMzZGJjNWQ0ZjExOTkxNjNjODA3MDNmMGU0NzQ0MGU2YWRjNGIxYzQ3YWI2ZWFmMGM3YTJkNzg1Mjg5YWNkYmI2YWIiLCJpYXQiOjE2MTYwNjA3NzIsIm5iZiI6MTYxNjA2MDc3MiwiZXhwIjoxNjQ3NTk2NzcyLCJzdWIiOiI0OCIsInNjb3BlcyI6W119.zT93_pCGQpioNnfeg6O95VnJkeJhoFPeJ4wp8t_8EKY5igUUWWMm6ZlYriBjNjSbhSDuODfuu2WQnA0iE-b4sxtBL-fZT15wZWEBGfU8-jKyiQkMYlVyKiESmO3S2nCGO114ZYhWgT6PEz0vtgY-_VZUVyTabOfXSicc78YdT3mou74AY67BxcnKV6TEgHlVchpgTqR2tC8VA--FN7OgvsFCKwVvLy5ZOEE5aeMHk9I_lTLX-fYI31lFBXe1aZ3l-AzLvuCOerRy93CTXUY52sAhzkM707G_7olyvne5vC5miDgER_AWZEOUjovtqaPyAvRokPg6dKBDB7zqzGTk_31HZz27AJQMq0cr9qBoHmjgME7MILp7Yj9ovOhml7uAjn01oPSWU9N7c9Nchk9JeE8c-MncOdjtvDWnLIPvXPlH-fhq-_zBORZuJBkT0iTo5rztsgiPb0cYvJgJeHNS-psD7lUPaLJLqB-DSklGewkJtpTyQoFVVdFlSC_GkdrKt5p52-GZPIBL0sIgwLNkbU15DStBXytbXfUFcCmgz0w3rU9P_SpI1YSJQHxON8Y4R_3yy9dqhcEyKdA5dnLrnvRlHb_NTtheCXEbR7xvgnNk1zanpJikq2RZHlv86S--GxcasxGSnykZZs-94EhFKJl-NyPlfQoPR1-EIAB8q4E', '2021-03-18 09:46:12', '2021-03-12 06:35:47'),
(49, 'Amit', NULL, 'Talreja', 'matrixmaritimemedia@gmail.com', 'Matrix Maritime Media', 'Director', '+91++9850454000', 'not_active', 'Gurucharan Apt', 'Ulhasnagar', 'India', NULL, NULL, NULL, NULL, '$2y$10$j7QhAojQBvli/NnMHl3Do.oSGgxeh9cIGHGzhT.e7wnOds69tO7lm', NULL, 'eyJ0eXAiOiJKV1QiLCJhbGciOiJSUzI1NiIsImp0aSI6IjJlY2JmNGIzMDcyNDM5YWIxMzcwZmFkYjNlNTYzYzI4MjNiZTliYjA0OTM0NjUxZTQzMTI5OTk1NGI0YjgyMjlmNDgwZWY3MWU2MTNmOThmIn0.eyJhdWQiOiIxIiwianRpIjoiMmVjYmY0YjMwNzI0MzlhYjEzNzBmYWRiM2U1NjNjMjgyM2JlOWJiMDQ5MzQ2NTFlNDMxMjk5OTU0YjRiODIyOWY0ODBlZjcxZTYxM2Y5OGYiLCJpYXQiOjE2MTU5ODI4NDcsIm5iZiI6MTYxNTk4Mjg0NywiZXhwIjoxNjQ3NTE4ODQ3LCJzdWIiOiI0OSIsInNjb3BlcyI6W119.eZ_zfyhS5WfTqAuO1uiiDcpUFim-rgkOsyqgxeK8eDZcGNZl3TCYuTOiKs_a6B2p-RkJm1I4MyOGUYe-j1C-_on4lfrJM6uuzE7lca52Z9P3SAjF-LtTbNXptUcLMnaYFcqxWbvLyXiVOMCbd6tFQpMVStqqd5x9w6QYxmEjhezdb4g4pqkXkTon_52MH6f4hxYmiKbC9lXd0l_iwY5aRDDlDsKtgioZalURgy-F2A7uJes0b260dca4sD0UtjBxr_3RNiZ_rC6A5lpX9bHq5B5Tv1RMPigl9PRisqFT4sohwBidx1ZGgsw3JNWnhNKv_v1h_U34Rf6wNDWWwbAtAlq65IOhFni6nvRWmtDMPE2knZYAygE6nhe17o1WF7jVzxDCDJFU9gRGswRfjBQcfk4KogQ_PX6lFKqFhlehi-bYLHSW9mluNSUxSOUBNhOYV3jYWHmDD8MGQnsSw3tcX6OAl6IGP7oWYDmir5Ti26OdN_2sPGgT_7R4Q20qtxpGWweeLcakU3EnFQR2vbTQPAxAIzFSFshGDevlz2j2iFiR5aScT_hSIyB3bUx5geriYuV1a1u2oTWchPwSZlGkaGgS0VGnlEzj5T3CvxKwl6zmVJE6jlWKDBzw9k6E_8olmdisvZtG1D7VdpEt2Ei6qtWmSSdqqz7u6Fuxglb7kOc', 'eyJ0eXAiOiJKV1QiLCJhbGciOiJSUzI1NiIsImp0aSI6IjJlY2JmNGIzMDcyNDM5YWIxMzcwZmFkYjNlNTYzYzI4MjNiZTliYjA0OTM0NjUxZTQzMTI5OTk1NGI0YjgyMjlmNDgwZWY3MWU2MTNmOThmIn0.eyJhdWQiOiIxIiwianRpIjoiMmVjYmY0YjMwNzI0MzlhYjEzNzBmYWRiM2U1NjNjMjgyM2JlOWJiMDQ5MzQ2NTFlNDMxMjk5OTU0YjRiODIyOWY0ODBlZjcxZTYxM2Y5OGYiLCJpYXQiOjE2MTU5ODI4NDcsIm5iZiI6MTYxNTk4Mjg0NywiZXhwIjoxNjQ3NTE4ODQ3LCJzdWIiOiI0OSIsInNjb3BlcyI6W119.eZ_zfyhS5WfTqAuO1uiiDcpUFim-rgkOsyqgxeK8eDZcGNZl3TCYuTOiKs_a6B2p-RkJm1I4MyOGUYe-j1C-_on4lfrJM6uuzE7lca52Z9P3SAjF-LtTbNXptUcLMnaYFcqxWbvLyXiVOMCbd6tFQpMVStqqd5x9w6QYxmEjhezdb4g4pqkXkTon_52MH6f4hxYmiKbC9lXd0l_iwY5aRDDlDsKtgioZalURgy-F2A7uJes0b260dca4sD0UtjBxr_3RNiZ_rC6A5lpX9bHq5B5Tv1RMPigl9PRisqFT4sohwBidx1ZGgsw3JNWnhNKv_v1h_U34Rf6wNDWWwbAtAlq65IOhFni6nvRWmtDMPE2knZYAygE6nhe17o1WF7jVzxDCDJFU9gRGswRfjBQcfk4KogQ_PX6lFKqFhlehi-bYLHSW9mluNSUxSOUBNhOYV3jYWHmDD8MGQnsSw3tcX6OAl6IGP7oWYDmir5Ti26OdN_2sPGgT_7R4Q20qtxpGWweeLcakU3EnFQR2vbTQPAxAIzFSFshGDevlz2j2iFiR5aScT_hSIyB3bUx5geriYuV1a1u2oTWchPwSZlGkaGgS0VGnlEzj5T3CvxKwl6zmVJE6jlWKDBzw9k6E_8olmdisvZtG1D7VdpEt2Ei6qtWmSSdqqz7u6Fuxglb7kOc', '2021-03-17 12:07:27', '2021-03-12 10:14:13'),
(50, 'vicky', NULL, 'R', 'vicky@matrixmaritimemedia.com', 'Cheers', 'Md', '+91++123456789', 'not_active', 'Mahape', 'Mumbai', 'ìndia', NULL, NULL, NULL, NULL, '$2y$10$hLweRJ4jTMHQmO5PYLs/TO461IlsXP6SDroHaEMoOzxkpDYE8HjEm', NULL, 'eyJ0eXAiOiJKV1QiLCJhbGciOiJSUzI1NiIsImp0aSI6ImU1YzA1ZWFlMTE5ZTU2Y2ZlZTNiZWY4MTI1MTExZjRkMmRiYmI2ZTRmZmY4OTg2ODAxMjU5ZWQ2NzVjZDg4YjlhNGQ4MDkxMzIwZDYwZWFlIn0.eyJhdWQiOiIxIiwianRpIjoiZTVjMDVlYWUxMTllNTZjZmVlM2JlZjgxMjUxMTFmNGQyZGJiYjZlNGZmZjg5ODY4MDEyNTllZDY3NWNkODhiOWE0ZDgwOTEzMjBkNjBlYWUiLCJpYXQiOjE2MTU5MTAzMzAsIm5iZiI6MTYxNTkxMDMzMCwiZXhwIjoxNjQ3NDQ2MzMwLCJzdWIiOiI1MCIsInNjb3BlcyI6W119.cqTqNrXjfjjsS0ebbRaZf31Q8atRKt5AJU0FngHKhQzkif8Iz9h-mWJivU6are3ELpGC9ZDgi2m6SYRo6AftEZmZMbmodJlQtch2iQMJGGKpt_SuNzcr7uUByed68eh9KSxN2q5wi1HzyVgKDA3pElvrDDiQn3tFXreYsPeOXw3MA2zupJQH0VZARgatEo1eD0p5O7esYonT4MVkvcEdjhD9BpmYYLrqY7IeJGYP8jTemekAPvb9gevS74cVEFlilzPqt3NS_Vsv0GXBwevnYqVGUmGKtm962nzXA7oPyjHOr_ir2ZF8HadZ59ygCJAQXgAjpvW1EPoNK7HtyVcnJGdtqgRLUv-cyhbNFy2cZY1bGLmSqWvkCOif9tSwNkGCbOcQR5MMmuoeU2gkbRtG5YTPDiB6FppHcuPwEhBS4O2V3tm-TO7wINbd4sOyhGiUWtOsp-_ch3rmpMpFovmhZW4qs2fI2k8NkpEur2fWrjxPrZGW4-GyvxyTbojve5sARAFlGzzOOM534YV-86H0-Oa7x7NkWZtll2mGoSw0TWkj1geNEzG7Ec1LN2V0ioS_UdeZS-0HsfLFcJ2hu3kHRr62OBIkuVYLeE_v_OYv7VZW6IwX89fHdhUtN6GFdR8vytBP50RbBx8B6mwd90UOg0OX2MPYx_t2N3tbxjwBRlE', 'eyJ0eXAiOiJKV1QiLCJhbGciOiJSUzI1NiIsImp0aSI6ImU1YzA1ZWFlMTE5ZTU2Y2ZlZTNiZWY4MTI1MTExZjRkMmRiYmI2ZTRmZmY4OTg2ODAxMjU5ZWQ2NzVjZDg4YjlhNGQ4MDkxMzIwZDYwZWFlIn0.eyJhdWQiOiIxIiwianRpIjoiZTVjMDVlYWUxMTllNTZjZmVlM2JlZjgxMjUxMTFmNGQyZGJiYjZlNGZmZjg5ODY4MDEyNTllZDY3NWNkODhiOWE0ZDgwOTEzMjBkNjBlYWUiLCJpYXQiOjE2MTU5MTAzMzAsIm5iZiI6MTYxNTkxMDMzMCwiZXhwIjoxNjQ3NDQ2MzMwLCJzdWIiOiI1MCIsInNjb3BlcyI6W119.cqTqNrXjfjjsS0ebbRaZf31Q8atRKt5AJU0FngHKhQzkif8Iz9h-mWJivU6are3ELpGC9ZDgi2m6SYRo6AftEZmZMbmodJlQtch2iQMJGGKpt_SuNzcr7uUByed68eh9KSxN2q5wi1HzyVgKDA3pElvrDDiQn3tFXreYsPeOXw3MA2zupJQH0VZARgatEo1eD0p5O7esYonT4MVkvcEdjhD9BpmYYLrqY7IeJGYP8jTemekAPvb9gevS74cVEFlilzPqt3NS_Vsv0GXBwevnYqVGUmGKtm962nzXA7oPyjHOr_ir2ZF8HadZ59ygCJAQXgAjpvW1EPoNK7HtyVcnJGdtqgRLUv-cyhbNFy2cZY1bGLmSqWvkCOif9tSwNkGCbOcQR5MMmuoeU2gkbRtG5YTPDiB6FppHcuPwEhBS4O2V3tm-TO7wINbd4sOyhGiUWtOsp-_ch3rmpMpFovmhZW4qs2fI2k8NkpEur2fWrjxPrZGW4-GyvxyTbojve5sARAFlGzzOOM534YV-86H0-Oa7x7NkWZtll2mGoSw0TWkj1geNEzG7Ec1LN2V0ioS_UdeZS-0HsfLFcJ2hu3kHRr62OBIkuVYLeE_v_OYv7VZW6IwX89fHdhUtN6GFdR8vytBP50RbBx8B6mwd90UOg0OX2MPYx_t2N3tbxjwBRlE', '2021-03-16 15:58:50', '2021-03-12 13:46:43'),
(51, 'Komal', NULL, 'Talreja', 'komal.panchal@rocketmail.com', 'Matrix Maritime Media', 'Sales Executive', '+91++9511710696', 'not_active', 'Maharashtra', 'Thane', 'India', NULL, NULL, NULL, NULL, '$2y$10$qowxNvwpU2N/84sisl3WzeOTdOvePMl/IJ5PudGXeqcGAZq26yG2i', NULL, 'eyJ0eXAiOiJKV1QiLCJhbGciOiJSUzI1NiIsImp0aSI6IjFiN2RjYmMzMTIzNWQyYTg2NjA1MTEyNGFjNTdkYWM2Y2FiMzI2M2UwYWVjNmM0M2RlZGM1M2Q1OTdhMGY4NmY0OWJjOGJlYzhiNjVkZjQzIn0.eyJhdWQiOiIxIiwianRpIjoiMWI3ZGNiYzMxMjM1ZDJhODY2MDUxMTI0YWM1N2RhYzZjYWIzMjYzZTBhZWM2YzQzZGVkYzUzZDU5N2EwZjg2ZjQ5YmM4YmVjOGI2NWRmNDMiLCJpYXQiOjE2MTU2MTA4NzgsIm5iZiI6MTYxNTYxMDg3OCwiZXhwIjoxNjQ3MTQ2ODc4LCJzdWIiOiI1MSIsInNjb3BlcyI6W119.WDs_Ttde48jZ2Lq6TqZFzrrOwbKiE4Fz0Fg7UrbQ4a8PLdNSNW-3-RPZgfjAz7rvrfFIbRH-FQrnWz5NRQVfzOi3kgJBqQu6XGucqODvpfix3daCTmUvKhHp8CYfxpbuufKGE543WnpaPLuCkXlW2J6Ry9LIs5loiYdS8LfwU3hkBb9J3zgHnlS3SIMFD_XKJ72F3NOKtF51vhpGyD0IdInJp9ZzBZZ4OcYvfusjEDsNkU-AQT-xdEdHn3AAWZ4M4Hg2-aulOq0AGqNNjUB__VLGBIh0SNWDxh8liPbjCh5eOwDIZPqn4tDq9zRZrjUBq64To_MOjuxk_Zr-3ZexG0aCSjCWhYpYDrDS6jazjxWEsBnOn9olFNoWcUVq0mjbjk3f1g3a7rV1vHMJJ2O0btaGm0OVpBy2qSawRsRKZQ84_2fFpdbvEd-HxveFaTbNL_RGHP9yb5Zr-VXDAkX3oG1jFfmtgZEAg73NIw5PjADm6u2-dpY9A_io1T-8BDKxUotWsyUT1rczJc3sVcOayfJBur274zV78PVAiYvHJV3GyYZiIj_uNI7qHfQ2sYfEYVXru7S2r3h6k33Wr2QjkBGCk9mb7oU2i-JfYuX9W8x29WG1PgXXaed5zQe61pMlsIm1G7fnKRZccZSXaMC7dIDqssYCBLcinxLJeXSqfxs', 'eyJ0eXAiOiJKV1QiLCJhbGciOiJSUzI1NiIsImp0aSI6IjFiN2RjYmMzMTIzNWQyYTg2NjA1MTEyNGFjNTdkYWM2Y2FiMzI2M2UwYWVjNmM0M2RlZGM1M2Q1OTdhMGY4NmY0OWJjOGJlYzhiNjVkZjQzIn0.eyJhdWQiOiIxIiwianRpIjoiMWI3ZGNiYzMxMjM1ZDJhODY2MDUxMTI0YWM1N2RhYzZjYWIzMjYzZTBhZWM2YzQzZGVkYzUzZDU5N2EwZjg2ZjQ5YmM4YmVjOGI2NWRmNDMiLCJpYXQiOjE2MTU2MTA4NzgsIm5iZiI6MTYxNTYxMDg3OCwiZXhwIjoxNjQ3MTQ2ODc4LCJzdWIiOiI1MSIsInNjb3BlcyI6W119.WDs_Ttde48jZ2Lq6TqZFzrrOwbKiE4Fz0Fg7UrbQ4a8PLdNSNW-3-RPZgfjAz7rvrfFIbRH-FQrnWz5NRQVfzOi3kgJBqQu6XGucqODvpfix3daCTmUvKhHp8CYfxpbuufKGE543WnpaPLuCkXlW2J6Ry9LIs5loiYdS8LfwU3hkBb9J3zgHnlS3SIMFD_XKJ72F3NOKtF51vhpGyD0IdInJp9ZzBZZ4OcYvfusjEDsNkU-AQT-xdEdHn3AAWZ4M4Hg2-aulOq0AGqNNjUB__VLGBIh0SNWDxh8liPbjCh5eOwDIZPqn4tDq9zRZrjUBq64To_MOjuxk_Zr-3ZexG0aCSjCWhYpYDrDS6jazjxWEsBnOn9olFNoWcUVq0mjbjk3f1g3a7rV1vHMJJ2O0btaGm0OVpBy2qSawRsRKZQ84_2fFpdbvEd-HxveFaTbNL_RGHP9yb5Zr-VXDAkX3oG1jFfmtgZEAg73NIw5PjADm6u2-dpY9A_io1T-8BDKxUotWsyUT1rczJc3sVcOayfJBur274zV78PVAiYvHJV3GyYZiIj_uNI7qHfQ2sYfEYVXru7S2r3h6k33Wr2QjkBGCk9mb7oU2i-JfYuX9W8x29WG1PgXXaed5zQe61pMlsIm1G7fnKRZccZSXaMC7dIDqssYCBLcinxLJeXSqfxs', '2021-03-13 04:47:58', '2021-03-13 04:47:35'),
(56, 'sohail', NULL, 'khan', 'bhatisaab1002@gmail.com', 'ceo', 'cew', '+91++0231654987', 'not_active', 'dvdvdfvdfvdfv', 'dfvdfvdfvdfv', 'fdfdffdvdf', NULL, NULL, NULL, NULL, '$2y$10$XfRWumSSUxzSsfIbNuJM/euTKNxb5Ry/g4iDprwfNvbF2gsm6cdRa', NULL, 'eyJ0eXAiOiJKV1QiLCJhbGciOiJSUzI1NiIsImp0aSI6ImE3M2VhNWE4ODdlNGJhZDRkZjI1MTVmMGIzNTEwOWUwNTgwN2U1ZGE4MjIxYmFlOGQ4ZmM2YWI3MGUwZDcyZmI4ZmMzZDNlMTVkYjNiNDllIn0.eyJhdWQiOiIxIiwianRpIjoiYTczZWE1YTg4N2U0YmFkNGRmMjUxNWYwYjM1MTA5ZTA1ODA3ZTVkYTgyMjFiYWU4ZDhmYzZhYjcwZTBkNzJmYjhmYzNkM2UxNWRiM2I0OWUiLCJpYXQiOjE2MTU4MTI5NTAsIm5iZiI6MTYxNTgxMjk1MCwiZXhwIjoxNjQ3MzQ4OTUwLCJzdWIiOiI1NiIsInNjb3BlcyI6W119.sEjhfsjyihzUcKJyWG38N9vVwd9vslHrRyMjEY611aTuGVxQpOQwHRsQ2Eei2_H9A7MwnCrYm3-RREsrZDL5BVi17ltwhuCa4d2bk-5aABVKMs9qWXnwP3bTn4629PiiUu03LS_7QkVaB3oFQC3nEHmVklNbtPfzMgKKWVFeEWV6Mppw4kwhsw_Gc9Eg5AFqggVKaVt_a6SgV7GmAPq6yFDTlWPbuLsHucNisXLHHsK1xvp1Rx5-nBV1ZsjLdlbzqf7mj3N_J81awWwz4z7B8VLwKBQyb0zTkQ9vHe25JZD4N62TZk7KExnXKIkYxapdnQoFCiuXugiR1iDZ7nyEZmRQQM2N1JaxiVgwAzLcjN34hKCjr5zegVDpKCw9LOmSG8rxiuaijW9Hj3xlnfkxg3I88yu0S4DaqIYU915wftSFM4L1g0JQDuz9M1XHRSmZ9jLCoJ3wbBmzsVp6aKCy_YPdeusQ1KLnOx1-DRsgl5MuW-NKAa61k3jsfMqqTIXYp-pmaBBLYU176Cprx0gHlUAhZQgANj_77iLtbXnTHCZOMfT2lG-rzaUEfgPyNDwogrG-iep_bCH2lOt5OOoecoBxiSn4kamEcIB6GF5bE7Azg_488Z9yBvtTmyFiM24iC-Xi5I9AmoDdzrd9htHSe2-uYfJOyc8PZGAjgXOZvIU', 'eyJ0eXAiOiJKV1QiLCJhbGciOiJSUzI1NiIsImp0aSI6ImE3M2VhNWE4ODdlNGJhZDRkZjI1MTVmMGIzNTEwOWUwNTgwN2U1ZGE4MjIxYmFlOGQ4ZmM2YWI3MGUwZDcyZmI4ZmMzZDNlMTVkYjNiNDllIn0.eyJhdWQiOiIxIiwianRpIjoiYTczZWE1YTg4N2U0YmFkNGRmMjUxNWYwYjM1MTA5ZTA1ODA3ZTVkYTgyMjFiYWU4ZDhmYzZhYjcwZTBkNzJmYjhmYzNkM2UxNWRiM2I0OWUiLCJpYXQiOjE2MTU4MTI5NTAsIm5iZiI6MTYxNTgxMjk1MCwiZXhwIjoxNjQ3MzQ4OTUwLCJzdWIiOiI1NiIsInNjb3BlcyI6W119.sEjhfsjyihzUcKJyWG38N9vVwd9vslHrRyMjEY611aTuGVxQpOQwHRsQ2Eei2_H9A7MwnCrYm3-RREsrZDL5BVi17ltwhuCa4d2bk-5aABVKMs9qWXnwP3bTn4629PiiUu03LS_7QkVaB3oFQC3nEHmVklNbtPfzMgKKWVFeEWV6Mppw4kwhsw_Gc9Eg5AFqggVKaVt_a6SgV7GmAPq6yFDTlWPbuLsHucNisXLHHsK1xvp1Rx5-nBV1ZsjLdlbzqf7mj3N_J81awWwz4z7B8VLwKBQyb0zTkQ9vHe25JZD4N62TZk7KExnXKIkYxapdnQoFCiuXugiR1iDZ7nyEZmRQQM2N1JaxiVgwAzLcjN34hKCjr5zegVDpKCw9LOmSG8rxiuaijW9Hj3xlnfkxg3I88yu0S4DaqIYU915wftSFM4L1g0JQDuz9M1XHRSmZ9jLCoJ3wbBmzsVp6aKCy_YPdeusQ1KLnOx1-DRsgl5MuW-NKAa61k3jsfMqqTIXYp-pmaBBLYU176Cprx0gHlUAhZQgANj_77iLtbXnTHCZOMfT2lG-rzaUEfgPyNDwogrG-iep_bCH2lOt5OOoecoBxiSn4kamEcIB6GF5bE7Azg_488Z9yBvtTmyFiM24iC-Xi5I9AmoDdzrd9htHSe2-uYfJOyc8PZGAjgXOZvIU', '2021-03-15 12:55:50', '2021-03-15 10:47:22'),
(61, 'bhati', NULL, 'saad', 'bhati@gmail.com', 'bhati', 'saad', '+91++7697079299', 'not_active', 'mohulla Hussain ganj', 'sikar', 'india', NULL, NULL, NULL, NULL, '$2y$10$QM7nw16BS9jF0iCPYwbYmOnlPBwOwDWTaxKLggJVZ26Ij9uYqCqF.', NULL, 'eyJ0eXAiOiJKV1QiLCJhbGciOiJSUzI1NiIsImp0aSI6IjcxZWE3YzQ2YWNmYjdjZTZiOWE4MDYzNDI3Nzc0MmQyNjQ4MGJkODc0NDZjNTViZGU2OTA1YTFhNDI5ZmFkMzlhN2Y2YTU4YjlhMGVjNzM1In0.eyJhdWQiOiIxIiwianRpIjoiNzFlYTdjNDZhY2ZiN2NlNmI5YTgwNjM0Mjc3NzQyZDI2NDgwYmQ4NzQ0NmM1NWJkZTY5MDVhMWE0MjlmYWQzOWE3ZjZhNThiOWEwZWM3MzUiLCJpYXQiOjE2MTU4ODk3ODIsIm5iZiI6MTYxNTg4OTc4MiwiZXhwIjoxNjQ3NDI1NzgyLCJzdWIiOiI2MSIsInNjb3BlcyI6W119.SDi_L9sVDQ7rrqZ-T5qPyQUT6ekZIlPS05wbqmntnOAQ7zxKhj-hFwep-zTrd4uNIsD6tXBMcqCK5_9cWMXvHR67u8Mm0WG7T2Ebltg_6VQN5N4PwSuL2t0yVvIZymVlYoaa-xThFUiutmBqV_309VwszEuo-9jsMXM_55kc_wvVlYeya1-3-pNfLht2YOOq-IlWFShhUChkdOeuG349XU3ozyvY0ZbWAJOPuJCZeTCh4HFe3Z66fVD7l1kTFU4btPMkbafVoVx8rAeGGLC0oTW3-DlYsi89fndlk-NauWLoxXSjnrvte2skuuJ-pKISF2TsXSSKcw12fZkQjG6J9BDgPvkcKmut3gOGiQYc9YxzJPGEcahY1uldvhzlCFP__9ETnihmx9aeWfgUCAke4qu8pb5NacDCij2f1FDKUh2U3Pw3v2KzsjMskrzAimbTT3FTG01izDYzMmaiEiIllcPQ1JvxmcMeoKh3H4eSip9XDM5eUqbVYFk8cv26DrVBH8GIjbkNrWwTbsNzJbjMmvqOjbo2eEODJB-NfB6qZxfDpkJcbHQyjpA9jxHO9oA5QUsJVDSFKMI3TD-vJTpzRuPD21r08Wi5V7HkiapKNLYlxw4SrvVyRoRBHmAKHzuRJNoTjKCjJFfX5jgvn1S1ZNRInWmJDgTUQUHQe1EGWBE', 'eyJ0eXAiOiJKV1QiLCJhbGciOiJSUzI1NiIsImp0aSI6IjcxZWE3YzQ2YWNmYjdjZTZiOWE4MDYzNDI3Nzc0MmQyNjQ4MGJkODc0NDZjNTViZGU2OTA1YTFhNDI5ZmFkMzlhN2Y2YTU4YjlhMGVjNzM1In0.eyJhdWQiOiIxIiwianRpIjoiNzFlYTdjNDZhY2ZiN2NlNmI5YTgwNjM0Mjc3NzQyZDI2NDgwYmQ4NzQ0NmM1NWJkZTY5MDVhMWE0MjlmYWQzOWE3ZjZhNThiOWEwZWM3MzUiLCJpYXQiOjE2MTU4ODk3ODIsIm5iZiI6MTYxNTg4OTc4MiwiZXhwIjoxNjQ3NDI1NzgyLCJzdWIiOiI2MSIsInNjb3BlcyI6W119.SDi_L9sVDQ7rrqZ-T5qPyQUT6ekZIlPS05wbqmntnOAQ7zxKhj-hFwep-zTrd4uNIsD6tXBMcqCK5_9cWMXvHR67u8Mm0WG7T2Ebltg_6VQN5N4PwSuL2t0yVvIZymVlYoaa-xThFUiutmBqV_309VwszEuo-9jsMXM_55kc_wvVlYeya1-3-pNfLht2YOOq-IlWFShhUChkdOeuG349XU3ozyvY0ZbWAJOPuJCZeTCh4HFe3Z66fVD7l1kTFU4btPMkbafVoVx8rAeGGLC0oTW3-DlYsi89fndlk-NauWLoxXSjnrvte2skuuJ-pKISF2TsXSSKcw12fZkQjG6J9BDgPvkcKmut3gOGiQYc9YxzJPGEcahY1uldvhzlCFP__9ETnihmx9aeWfgUCAke4qu8pb5NacDCij2f1FDKUh2U3Pw3v2KzsjMskrzAimbTT3FTG01izDYzMmaiEiIllcPQ1JvxmcMeoKh3H4eSip9XDM5eUqbVYFk8cv26DrVBH8GIjbkNrWwTbsNzJbjMmvqOjbo2eEODJB-NfB6qZxfDpkJcbHQyjpA9jxHO9oA5QUsJVDSFKMI3TD-vJTpzRuPD21r08Wi5V7HkiapKNLYlxw4SrvVyRoRBHmAKHzuRJNoTjKCjJFfX5jgvn1S1ZNRInWmJDgTUQUHQe1EGWBE', '2021-03-16 10:49:30', '2021-03-16 10:07:00'),
(62, 'subh', NULL, 'sir', 'prodigitaly@gmail.com', 'prodigitaly', 'founder', '+91++3216549870', 'not_active', 'mumbai', 'mumbai', 'india', NULL, NULL, NULL, NULL, '$2y$10$GTW77WWYtRovXYhEMRuhaOrdh4UVnd1TB2AwsTWCDkwEdavEWNmqq', NULL, NULL, NULL, '2021-03-16 10:12:01', '2021-03-16 10:12:01'),
(63, 'Subh', NULL, 'Rath', 'subhubhai@gmail.com', 'Prodigitaly', 'Company', '++7697079299', 'not_active', 'info', 'Indore', 'India', NULL, NULL, NULL, NULL, '$2y$10$aeJAQMmXwd.kfy77nDv5pu0DxTe4js.xtoxn/XGfDYhuS5iUzLJ3y', NULL, 'eyJ0eXAiOiJKV1QiLCJhbGciOiJSUzI1NiIsImp0aSI6ImI2YWEzOWE0NGJkYTkwYmMyNmIyZThhYzQ4ZGE4YTZhMzk4YjBjMTdhYzBlODNiYTA1OGUzYWVmNzU0NjViOTNkOGRhYTdlODVkNmQzZDBlIn0.eyJhdWQiOiIxIiwianRpIjoiYjZhYTM5YTQ0YmRhOTBiYzI2YjJlOGFjNDhkYThhNmEzOThiMGMxN2FjMGU4M2JhMDU4ZTNhZWY3NTQ2NWI5M2Q4ZGFhN2U4NWQ2ZDNkMGUiLCJpYXQiOjE2MTU5OTE1ODgsIm5iZiI6MTYxNTk5MTU4OCwiZXhwIjoxNjQ3NTI3NTg4LCJzdWIiOiI2MyIsInNjb3BlcyI6W119.1zhuP6r_VXNDJHNd0e9t6TPjPb_2zMhlVQahOg8gaHve-wJAxyMy4X0wuSovFsVpmRxZQZWQl1BD8qhXwa8kndP_C27Wh2VNUBugEyMIG0RcwQTqv5LQtgdL7WS4R3lJgk9qHMbae8qxo6pfpSAlMKXRIumdI8zOd6YKH0TT6aVPWsL5JcuxCeOwmXsQM-9rhiN0fD6GybO1KcsU8KiMdL4Nuzv4yDP_TsVmni1IX0uJVV-OZXL2OXWnQnRizQTh8QTbcFyaoJB2nW5IKwQPw2yYEHUGw8H7DBkgNrpXrLsV67R4FDTMJdnDA1Iup2Q6y2sXChvwuf34MYf-0pGot8v-ai6b6_gFjE6-KOxyj-fV_Kr-IiSiqHDnvEpQgTv4eJWAVijYJ-NdwuHxSKoUqx9KOmdeVOHN1pCyR19bjS4sadIMKO-tbbU8EEdNqY8pp7SwvkcarPI5goTRgKN3sdwVbgXk-QCiP7JweXv7pgB3D-Qlq1ua7CtgsaykzqrT2ln_RFCFf_2ujb9YnZN8Qk1Ajhwkbw0JtCLvDOKFsi6EwRLfV8aSM-_nTKlOtwyLzyTyOv3XtjyT7abr3U-WC0CQZw_69fQI3fuHqghMfYjk7icVxyNcHRnvlG71jMgzamUREm4qPqFoNXUWNZwTKVQtv8QMAl4YpnOTtPmbdUc', 'eyJ0eXAiOiJKV1QiLCJhbGciOiJSUzI1NiIsImp0aSI6ImI2YWEzOWE0NGJkYTkwYmMyNmIyZThhYzQ4ZGE4YTZhMzk4YjBjMTdhYzBlODNiYTA1OGUzYWVmNzU0NjViOTNkOGRhYTdlODVkNmQzZDBlIn0.eyJhdWQiOiIxIiwianRpIjoiYjZhYTM5YTQ0YmRhOTBiYzI2YjJlOGFjNDhkYThhNmEzOThiMGMxN2FjMGU4M2JhMDU4ZTNhZWY3NTQ2NWI5M2Q4ZGFhN2U4NWQ2ZDNkMGUiLCJpYXQiOjE2MTU5OTE1ODgsIm5iZiI6MTYxNTk5MTU4OCwiZXhwIjoxNjQ3NTI3NTg4LCJzdWIiOiI2MyIsInNjb3BlcyI6W119.1zhuP6r_VXNDJHNd0e9t6TPjPb_2zMhlVQahOg8gaHve-wJAxyMy4X0wuSovFsVpmRxZQZWQl1BD8qhXwa8kndP_C27Wh2VNUBugEyMIG0RcwQTqv5LQtgdL7WS4R3lJgk9qHMbae8qxo6pfpSAlMKXRIumdI8zOd6YKH0TT6aVPWsL5JcuxCeOwmXsQM-9rhiN0fD6GybO1KcsU8KiMdL4Nuzv4yDP_TsVmni1IX0uJVV-OZXL2OXWnQnRizQTh8QTbcFyaoJB2nW5IKwQPw2yYEHUGw8H7DBkgNrpXrLsV67R4FDTMJdnDA1Iup2Q6y2sXChvwuf34MYf-0pGot8v-ai6b6_gFjE6-KOxyj-fV_Kr-IiSiqHDnvEpQgTv4eJWAVijYJ-NdwuHxSKoUqx9KOmdeVOHN1pCyR19bjS4sadIMKO-tbbU8EEdNqY8pp7SwvkcarPI5goTRgKN3sdwVbgXk-QCiP7JweXv7pgB3D-Qlq1ua7CtgsaykzqrT2ln_RFCFf_2ujb9YnZN8Qk1Ajhwkbw0JtCLvDOKFsi6EwRLfV8aSM-_nTKlOtwyLzyTyOv3XtjyT7abr3U-WC0CQZw_69fQI3fuHqghMfYjk7icVxyNcHRnvlG71jMgzamUREm4qPqFoNXUWNZwTKVQtv8QMAl4YpnOTtPmbdUc', '2021-03-17 14:33:08', '2021-03-16 10:39:59'),
(64, 'MOHD', NULL, 'AVESH', 'sameeebiet12@gmail.com', NULL, NULL, '9649840890', 'not_active', NULL, NULL, NULL, NULL, NULL, NULL, NULL, '$2y$10$1IiG70PtPuchUTyoYu.9iu5Fvj4y0IzNa8V5ZnN/m/bNbXX3iSfwi', NULL, NULL, NULL, '2021-03-16 12:25:51', '2021-03-16 12:25:51'),
(65, 'aadil', NULL, 'zamindar', 'zamindaraadil72@gmail.com', NULL, NULL, '9649177235', 'not_active', NULL, NULL, NULL, NULL, NULL, NULL, NULL, '$2y$10$qS3gYE8w5qoYC8aJ648t9OnzHLdaQUmWB3MFnGU1BZeBIrReUFA/y', NULL, NULL, NULL, '2021-03-16 12:38:37', '2021-03-16 12:38:37'),
(66, 'juenad', NULL, 'khan', 'jlascobra@gmail.com', NULL, NULL, '11212121212', 'not_active', NULL, NULL, NULL, NULL, NULL, NULL, NULL, '$2y$10$4.Y/pGgHnXMUTeB/joTO9eAqLhs07ppx0ehUeEnik5dd.CbLCfTfq', NULL, NULL, NULL, '2021-03-16 12:43:16', '2021-03-16 12:43:16'),
(67, 'dvsdvsdv', NULL, 'vsdvsdv', 'anam@gmail.com', 'saad', 'ceo', '+91++0213654987', 'not_active', 'mumbai', 'sikar', 'india', NULL, NULL, NULL, NULL, '$2y$10$Df/EFMOsVtyikbdFQ8g0TulWpoz85PXwp1YGU6B66UJiftUqCMeTq', NULL, 'eyJ0eXAiOiJKV1QiLCJhbGciOiJSUzI1NiIsImp0aSI6ImQ4NmJkY2FlOGQ3MDY1NzUwOWIyMjIxZjRhOGFmNjFkZWFiODViOGNjYmUxZDk0NDk5YjRmZWZlYWRhMDU2ZjJmNDVhYzE2NjZlYzM5ZTdlIn0.eyJhdWQiOiIxIiwianRpIjoiZDg2YmRjYWU4ZDcwNjU3NTA5YjIyMjFmNGE4YWY2MWRlYWI4NWI4Y2NiZTFkOTQ0OTliNGZlZmVhZGEwNTZmMmY0NWFjMTY2NmVjMzllN2UiLCJpYXQiOjE2MTYwNTE4MTIsIm5iZiI6MTYxNjA1MTgxMiwiZXhwIjoxNjQ3NTg3ODEyLCJzdWIiOiI2NyIsInNjb3BlcyI6W119.kaiL3KlzZ44Kh6B4PQuI1-WFLaPnfCDgeIt6WvWVl3hgIAvfJKlPUDOAK-ZEQ89_Pnk2M60bq6m2tYWhrkR1-fjpCcLsvP5o58IfZ8kDMwyL2Z1jHoVsncbwsWzykgB2PfOx1D6SSz_Q6JFujf_TVs9z67Bg5KduYdtBhOuYbKdzsFHiFKYY5qS2a5IbjTfC9t1sooH2pWHETWM3apYCMO7TYPG1fVjosbjUiuEZB_SZQtSCUvih9rbCMqHbYRbtKiwrj6bzSkwibU3Ze-GAt3-MX1oCm7JiFFCP0rPDUAwnHgwughZ1xuuepVltAzhwA0Kdiw7OSSyMo3zGykyZ933CCH-PLv_cRYPCM5ksQ6GJxNG-y3S6pCNHY0IhdVeWpi1hRxpUGXO3BH7SqkO4InLXj56h6nW8KMZw7PAJhcB63l6cWrfIxCMyCSxvtI2NZcOXFuDuNyP5EMF8qNFMxrhShyxbOQUMZbB45UYIswLUquKw7ytCtATwvDvtDEiBsRXl-uLD_jFjiwC_Bq5asftqsmnMfeX4j9krR7tL0HRes9CI_X5ftlUkV-D9eTY1mQhfJJfRmUPpG4QAu06cY2HBW2y2Bd2E0GumpAPLwKyDLHsOTGBiR_FxXKEGUYVZ-abLDxC3be6DZNdKIoyfwvpawu1hc0e22ntedz1NYak', 'eyJ0eXAiOiJKV1QiLCJhbGciOiJSUzI1NiIsImp0aSI6ImQ4NmJkY2FlOGQ3MDY1NzUwOWIyMjIxZjRhOGFmNjFkZWFiODViOGNjYmUxZDk0NDk5YjRmZWZlYWRhMDU2ZjJmNDVhYzE2NjZlYzM5ZTdlIn0.eyJhdWQiOiIxIiwianRpIjoiZDg2YmRjYWU4ZDcwNjU3NTA5YjIyMjFmNGE4YWY2MWRlYWI4NWI4Y2NiZTFkOTQ0OTliNGZlZmVhZGEwNTZmMmY0NWFjMTY2NmVjMzllN2UiLCJpYXQiOjE2MTYwNTE4MTIsIm5iZiI6MTYxNjA1MTgxMiwiZXhwIjoxNjQ3NTg3ODEyLCJzdWIiOiI2NyIsInNjb3BlcyI6W119.kaiL3KlzZ44Kh6B4PQuI1-WFLaPnfCDgeIt6WvWVl3hgIAvfJKlPUDOAK-ZEQ89_Pnk2M60bq6m2tYWhrkR1-fjpCcLsvP5o58IfZ8kDMwyL2Z1jHoVsncbwsWzykgB2PfOx1D6SSz_Q6JFujf_TVs9z67Bg5KduYdtBhOuYbKdzsFHiFKYY5qS2a5IbjTfC9t1sooH2pWHETWM3apYCMO7TYPG1fVjosbjUiuEZB_SZQtSCUvih9rbCMqHbYRbtKiwrj6bzSkwibU3Ze-GAt3-MX1oCm7JiFFCP0rPDUAwnHgwughZ1xuuepVltAzhwA0Kdiw7OSSyMo3zGykyZ933CCH-PLv_cRYPCM5ksQ6GJxNG-y3S6pCNHY0IhdVeWpi1hRxpUGXO3BH7SqkO4InLXj56h6nW8KMZw7PAJhcB63l6cWrfIxCMyCSxvtI2NZcOXFuDuNyP5EMF8qNFMxrhShyxbOQUMZbB45UYIswLUquKw7ytCtATwvDvtDEiBsRXl-uLD_jFjiwC_Bq5asftqsmnMfeX4j9krR7tL0HRes9CI_X5ftlUkV-D9eTY1mQhfJJfRmUPpG4QAu06cY2HBW2y2Bd2E0GumpAPLwKyDLHsOTGBiR_FxXKEGUYVZ-abLDxC3be6DZNdKIoyfwvpawu1hc0e22ntedz1NYak', '2021-03-18 07:16:52', '2021-03-18 07:16:20');
INSERT INTO `users` (`id`, `first_name`, `deleted_at`, `last_name`, `email`, `company`, `job_title`, `mobile`, `status`, `address`, `city`, `country`, `birth_year`, `image`, `original_image_path`, `email_verified_at`, `password`, `remember_token`, `api_token`, `token`, `updated_at`, `created_at`) VALUES
(68, 'wajid', NULL, 'aa', 'wajid@gmail.com', 'saad', 'bhati', '0258369147', 'not_active', 'saad', 'sikar', 'india', NULL, '', NULL, NULL, '$2y$10$zaIgxYaQAKPJQHBXHVHSjecxgEhSra8UOcZFdHfI7IHKAbED9At3q', NULL, 'eyJ0eXAiOiJKV1QiLCJhbGciOiJSUzI1NiIsImp0aSI6ImM5MDVjY2RkNzIzZDM4NjRhMzhlYjFkYTRiOTE4NTBkZTlkMGIwNWExMzY0NWEyMTZjNDQwYjYxZWM2NTliZTE4N2M1MzBjMzJiNGY0ZjY5In0.eyJhdWQiOiIxIiwianRpIjoiYzkwNWNjZGQ3MjNkMzg2NGEzOGViMWRhNGI5MTg1MGRlOWQwYjA1YTEzNjQ1YTIxNmM0NDBiNjFlYzY1OWJlMTg3YzUzMGMzMmI0ZjRmNjkiLCJpYXQiOjE2MTYwNTIwMDcsIm5iZiI6MTYxNjA1MjAwNywiZXhwIjoxNjQ3NTg4MDA3LCJzdWIiOiI2OCIsInNjb3BlcyI6W119.uGJD-oU_hEEVY8GATiYSiATTQ9qVCyyYcZBiSa89d-QTzfxA-1Sxd2R_rT3LBXNF6AMXr08y4XQH0TTauGZHy-m1sUWnP5Ro1HqNNRfJy5CoIV1cxR9qG7ElERAdx0Hb87DHgn4hrIp4t8X2b-HrSpSdfnoDEwBU3KQKWiDvy9SkNtfu32seZ6hSBuiPRlCQSyz4-EYsvs6MHsoU5uA7xcaLtRxtqbSnUiwEScIgIA37wPLy9YKMbs_hOY96R6qkIHMS13V328Im8o9Y_WWJkH4QlfVzVINUf_2XZ-1Y-yqr3NvbnHBr6SlNsDTCt93muh6jH4HMGe1bp_1s5a43xiVksQm4i2RPL0vE9XsEIj9erf0eXV41eaofz0ZVM84aboURYDMIKnIyGZkM5lzKp9W7YX4TSFNJkT73D9uy5hAesXBkLUaAI3cXwe_Blxp7AVnMcXUKQwbzxnplJk52lElHPZebt3m6NBhEC2uoArFIUh9NkPmWKX9oi8kCt1HsVp8ht6qxph_AdEN5CLmJ-0jCgtrNHQla44K3EE5VHyBHLP-rIlyjGaeK74Je_QYzzRwYjeVAgIPHj71xfFfOIp46gRKb3B5qdeNUdWqvMzd2y5R5kyXKWex2d1FsqDV-v5ur4bhpTbxAM9RTGCAc41Wzieh7xRD_z_jI_qSEusg', 'eyJ0eXAiOiJKV1QiLCJhbGciOiJSUzI1NiIsImp0aSI6ImM5MDVjY2RkNzIzZDM4NjRhMzhlYjFkYTRiOTE4NTBkZTlkMGIwNWExMzY0NWEyMTZjNDQwYjYxZWM2NTliZTE4N2M1MzBjMzJiNGY0ZjY5In0.eyJhdWQiOiIxIiwianRpIjoiYzkwNWNjZGQ3MjNkMzg2NGEzOGViMWRhNGI5MTg1MGRlOWQwYjA1YTEzNjQ1YTIxNmM0NDBiNjFlYzY1OWJlMTg3YzUzMGMzMmI0ZjRmNjkiLCJpYXQiOjE2MTYwNTIwMDcsIm5iZiI6MTYxNjA1MjAwNywiZXhwIjoxNjQ3NTg4MDA3LCJzdWIiOiI2OCIsInNjb3BlcyI6W119.uGJD-oU_hEEVY8GATiYSiATTQ9qVCyyYcZBiSa89d-QTzfxA-1Sxd2R_rT3LBXNF6AMXr08y4XQH0TTauGZHy-m1sUWnP5Ro1HqNNRfJy5CoIV1cxR9qG7ElERAdx0Hb87DHgn4hrIp4t8X2b-HrSpSdfnoDEwBU3KQKWiDvy9SkNtfu32seZ6hSBuiPRlCQSyz4-EYsvs6MHsoU5uA7xcaLtRxtqbSnUiwEScIgIA37wPLy9YKMbs_hOY96R6qkIHMS13V328Im8o9Y_WWJkH4QlfVzVINUf_2XZ-1Y-yqr3NvbnHBr6SlNsDTCt93muh6jH4HMGe1bp_1s5a43xiVksQm4i2RPL0vE9XsEIj9erf0eXV41eaofz0ZVM84aboURYDMIKnIyGZkM5lzKp9W7YX4TSFNJkT73D9uy5hAesXBkLUaAI3cXwe_Blxp7AVnMcXUKQwbzxnplJk52lElHPZebt3m6NBhEC2uoArFIUh9NkPmWKX9oi8kCt1HsVp8ht6qxph_AdEN5CLmJ-0jCgtrNHQla44K3EE5VHyBHLP-rIlyjGaeK74Je_QYzzRwYjeVAgIPHj71xfFfOIp46gRKb3B5qdeNUdWqvMzd2y5R5kyXKWex2d1FsqDV-v5ur4bhpTbxAM9RTGCAc41Wzieh7xRD_z_jI_qSEusg', '2021-03-18 09:31:15', '2021-03-18 07:19:50');

--
-- Indexes for dumped tables
--

--
-- Indexes for table `admins`
--
ALTER TABLE `admins`
  ADD PRIMARY KEY (`id`),
  ADD UNIQUE KEY `admins_email_unique` (`email`);

--
-- Indexes for table `advertisements`
--
ALTER TABLE `advertisements`
  ADD PRIMARY KEY (`id`);

--
-- Indexes for table `adverts`
--
ALTER TABLE `adverts`
  ADD PRIMARY KEY (`id`),
  ADD KEY `adverts_advert_category_id_foreign` (`advert_category_id`);

--
-- Indexes for table `advert_categories`
--
ALTER TABLE `advert_categories`
  ADD PRIMARY KEY (`id`);

--
-- Indexes for table `banners`
--
ALTER TABLE `banners`
  ADD PRIMARY KEY (`id`);

--
-- Indexes for table `bookmark`
--
ALTER TABLE `bookmark`
  ADD PRIMARY KEY (`id`);

--
-- Indexes for table `business`
--
ALTER TABLE `business`
  ADD PRIMARY KEY (`id`);

--
-- Indexes for table `business_image`
--
ALTER TABLE `business_image`
  ADD PRIMARY KEY (`id`);

--
-- Indexes for table `business_ratings`
--
ALTER TABLE `business_ratings`
  ADD PRIMARY KEY (`rating_id`);

--
-- Indexes for table `business_request`
--
ALTER TABLE `business_request`
  ADD PRIMARY KEY (`request_id`);

--
-- Indexes for table `business_staff`
--
ALTER TABLE `business_staff`
  ADD PRIMARY KEY (`id`);

--
-- Indexes for table `business_video`
--
ALTER TABLE `business_video`
  ADD PRIMARY KEY (`id`);

--
-- Indexes for table `category`
--
ALTER TABLE `category`
  ADD PRIMARY KEY (`id`);

--
-- Indexes for table `country`
--
ALTER TABLE `country`
  ADD PRIMARY KEY (`id`);

--
-- Indexes for table `events`
--
ALTER TABLE `events`
  ADD PRIMARY KEY (`id`);

--
-- Indexes for table `feedbacks`
--
ALTER TABLE `feedbacks`
  ADD PRIMARY KEY (`feedback_id`);

--
-- Indexes for table `migrations`
--
ALTER TABLE `migrations`
  ADD PRIMARY KEY (`id`);

--
-- Indexes for table `model_has_permissions`
--
ALTER TABLE `model_has_permissions`
  ADD PRIMARY KEY (`permission_id`,`model_id`,`model_type`),
  ADD KEY `model_has_permissions_model_id_model_type_index` (`model_id`,`model_type`);

--
-- Indexes for table `model_has_roles`
--
ALTER TABLE `model_has_roles`
  ADD PRIMARY KEY (`role_id`,`model_id`,`model_type`),
  ADD KEY `model_has_roles_model_id_model_type_index` (`model_id`,`model_type`);

--
-- Indexes for table `news_feed`
--
ALTER TABLE `news_feed`
  ADD PRIMARY KEY (`id`);

--
-- Indexes for table `oauth_access_tokens`
--
ALTER TABLE `oauth_access_tokens`
  ADD PRIMARY KEY (`id`),
  ADD KEY `oauth_access_tokens_user_id_index` (`user_id`);

--
-- Indexes for table `oauth_auth_codes`
--
ALTER TABLE `oauth_auth_codes`
  ADD PRIMARY KEY (`id`);

--
-- Indexes for table `oauth_clients`
--
ALTER TABLE `oauth_clients`
  ADD PRIMARY KEY (`id`),
  ADD KEY `oauth_clients_user_id_index` (`user_id`);

--
-- Indexes for table `oauth_personal_access_clients`
--
ALTER TABLE `oauth_personal_access_clients`
  ADD PRIMARY KEY (`id`),
  ADD KEY `oauth_personal_access_clients_client_id_index` (`client_id`);

--
-- Indexes for table `oauth_refresh_tokens`
--
ALTER TABLE `oauth_refresh_tokens`
  ADD PRIMARY KEY (`id`),
  ADD KEY `oauth_refresh_tokens_access_token_id_index` (`access_token_id`);

--
-- Indexes for table `password_resets`
--
ALTER TABLE `password_resets`
  ADD KEY `password_resets_email_index` (`email`);

--
-- Indexes for table `pdf_docs`
--
ALTER TABLE `pdf_docs`
  ADD PRIMARY KEY (`id`);

--
-- Indexes for table `permissions`
--
ALTER TABLE `permissions`
  ADD PRIMARY KEY (`id`);

--
-- Indexes for table `plan_info`
--
ALTER TABLE `plan_info`
  ADD PRIMARY KEY (`id`);

--
-- Indexes for table `plan_managment`
--
ALTER TABLE `plan_managment`
  ADD PRIMARY KEY (`id`);

--
-- Indexes for table `products`
--
ALTER TABLE `products`
  ADD PRIMARY KEY (`id`),
  ADD KEY `products_admin_id_foreign` (`admin_id`);

--
-- Indexes for table `roles`
--
ALTER TABLE `roles`
  ADD PRIMARY KEY (`id`);

--
-- Indexes for table `role_has_permissions`
--
ALTER TABLE `role_has_permissions`
  ADD PRIMARY KEY (`permission_id`,`role_id`),
  ADD KEY `role_has_permissions_role_id_foreign` (`role_id`);

--
-- Indexes for table `subcategory`
--
ALTER TABLE `subcategory`
  ADD PRIMARY KEY (`id`);

--
-- Indexes for table `transaction`
--
ALTER TABLE `transaction`
  ADD PRIMARY KEY (`id`);

--
-- Indexes for table `users`
--
ALTER TABLE `users`
  ADD PRIMARY KEY (`id`),
  ADD UNIQUE KEY `users_email_unique` (`email`);

--
-- AUTO_INCREMENT for dumped tables
--

--
-- AUTO_INCREMENT for table `admins`
--
ALTER TABLE `admins`
  MODIFY `id` bigint(20) UNSIGNED NOT NULL AUTO_INCREMENT;

--
-- AUTO_INCREMENT for table `advertisements`
--
ALTER TABLE `advertisements`
  MODIFY `id` bigint(20) UNSIGNED NOT NULL AUTO_INCREMENT, AUTO_INCREMENT=37;

--
-- AUTO_INCREMENT for table `adverts`
--
ALTER TABLE `adverts`
  MODIFY `id` int(10) UNSIGNED NOT NULL AUTO_INCREMENT, AUTO_INCREMENT=4;

--
-- AUTO_INCREMENT for table `advert_categories`
--
ALTER TABLE `advert_categories`
  MODIFY `id` int(10) UNSIGNED NOT NULL AUTO_INCREMENT, AUTO_INCREMENT=2;

--
-- AUTO_INCREMENT for table `banners`
--
ALTER TABLE `banners`
  MODIFY `id` int(10) UNSIGNED NOT NULL AUTO_INCREMENT, AUTO_INCREMENT=15;

--
-- AUTO_INCREMENT for table `bookmark`
--
ALTER TABLE `bookmark`
  MODIFY `id` int(11) NOT NULL AUTO_INCREMENT, AUTO_INCREMENT=35;

--
-- AUTO_INCREMENT for table `business`
--
ALTER TABLE `business`
  MODIFY `id` int(11) NOT NULL AUTO_INCREMENT, AUTO_INCREMENT=23;

--
-- AUTO_INCREMENT for table `business_image`
--
ALTER TABLE `business_image`
  MODIFY `id` int(11) NOT NULL AUTO_INCREMENT, AUTO_INCREMENT=16;

--
-- AUTO_INCREMENT for table `business_ratings`
--
ALTER TABLE `business_ratings`
  MODIFY `rating_id` int(11) NOT NULL AUTO_INCREMENT, AUTO_INCREMENT=3;

--
-- AUTO_INCREMENT for table `business_request`
--
ALTER TABLE `business_request`
  MODIFY `request_id` int(11) NOT NULL AUTO_INCREMENT;

--
-- AUTO_INCREMENT for table `business_staff`
--
ALTER TABLE `business_staff`
  MODIFY `id` int(11) NOT NULL AUTO_INCREMENT, AUTO_INCREMENT=28;

--
-- AUTO_INCREMENT for table `business_video`
--
ALTER TABLE `business_video`
  MODIFY `id` int(11) NOT NULL AUTO_INCREMENT, AUTO_INCREMENT=21;

--
-- AUTO_INCREMENT for table `category`
--
ALTER TABLE `category`
  MODIFY `id` int(11) NOT NULL AUTO_INCREMENT, AUTO_INCREMENT=3;

--
-- AUTO_INCREMENT for table `country`
--
ALTER TABLE `country`
  MODIFY `id` int(11) NOT NULL AUTO_INCREMENT, AUTO_INCREMENT=240;

--
-- AUTO_INCREMENT for table `events`
--
ALTER TABLE `events`
  MODIFY `id` int(11) NOT NULL AUTO_INCREMENT, AUTO_INCREMENT=3;

--
-- AUTO_INCREMENT for table `feedbacks`
--
ALTER TABLE `feedbacks`
  MODIFY `feedback_id` int(11) NOT NULL AUTO_INCREMENT, AUTO_INCREMENT=4;

--
-- AUTO_INCREMENT for table `migrations`
--
ALTER TABLE `migrations`
  MODIFY `id` int(10) UNSIGNED NOT NULL AUTO_INCREMENT, AUTO_INCREMENT=20;

--
-- AUTO_INCREMENT for table `news_feed`
--
ALTER TABLE `news_feed`
  MODIFY `id` int(11) NOT NULL AUTO_INCREMENT, AUTO_INCREMENT=7;

--
-- AUTO_INCREMENT for table `oauth_clients`
--
ALTER TABLE `oauth_clients`
  MODIFY `id` int(10) UNSIGNED NOT NULL AUTO_INCREMENT, AUTO_INCREMENT=3;

--
-- AUTO_INCREMENT for table `oauth_personal_access_clients`
--
ALTER TABLE `oauth_personal_access_clients`
  MODIFY `id` int(10) UNSIGNED NOT NULL AUTO_INCREMENT, AUTO_INCREMENT=2;

--
-- AUTO_INCREMENT for table `pdf_docs`
--
ALTER TABLE `pdf_docs`
  MODIFY `id` int(11) NOT NULL AUTO_INCREMENT, AUTO_INCREMENT=5;

--
-- AUTO_INCREMENT for table `permissions`
--
ALTER TABLE `permissions`
  MODIFY `id` int(10) UNSIGNED NOT NULL AUTO_INCREMENT, AUTO_INCREMENT=73;

--
-- AUTO_INCREMENT for table `plan_info`
--
ALTER TABLE `plan_info`
  MODIFY `id` int(11) NOT NULL AUTO_INCREMENT;

--
-- AUTO_INCREMENT for table `plan_managment`
--
ALTER TABLE `plan_managment`
  MODIFY `id` int(11) NOT NULL AUTO_INCREMENT, AUTO_INCREMENT=3;

--
-- AUTO_INCREMENT for table `products`
--
ALTER TABLE `products`
  MODIFY `id` bigint(20) UNSIGNED NOT NULL AUTO_INCREMENT;

--
-- AUTO_INCREMENT for table `roles`
--
ALTER TABLE `roles`
  MODIFY `id` int(10) UNSIGNED NOT NULL AUTO_INCREMENT, AUTO_INCREMENT=6;

--
-- AUTO_INCREMENT for table `subcategory`
--
ALTER TABLE `subcategory`
  MODIFY `id` int(11) NOT NULL AUTO_INCREMENT, AUTO_INCREMENT=5;

--
-- AUTO_INCREMENT for table `transaction`
--
ALTER TABLE `transaction`
  MODIFY `id` int(11) NOT NULL AUTO_INCREMENT, AUTO_INCREMENT=24;

--
-- AUTO_INCREMENT for table `users`
--
ALTER TABLE `users`
  MODIFY `id` bigint(20) UNSIGNED NOT NULL AUTO_INCREMENT, AUTO_INCREMENT=69;

--
-- Constraints for dumped tables
--

--
-- Constraints for table `adverts`
--
ALTER TABLE `adverts`
  ADD CONSTRAINT `adverts_advert_category_id_foreign` FOREIGN KEY (`advert_category_id`) REFERENCES `advert_categories` (`id`) ON DELETE CASCADE;

--
-- Constraints for table `model_has_permissions`
--
ALTER TABLE `model_has_permissions`
  ADD CONSTRAINT `model_has_permissions_permission_id_foreign` FOREIGN KEY (`permission_id`) REFERENCES `permissions` (`id`) ON DELETE CASCADE;

--
-- Constraints for table `model_has_roles`
--
ALTER TABLE `model_has_roles`
  ADD CONSTRAINT `model_has_roles_role_id_foreign` FOREIGN KEY (`role_id`) REFERENCES `roles` (`id`) ON DELETE CASCADE;

--
-- Constraints for table `products`
--
ALTER TABLE `products`
  ADD CONSTRAINT `products_admin_id_foreign` FOREIGN KEY (`admin_id`) REFERENCES `admins` (`id`) ON DELETE CASCADE ON UPDATE CASCADE;

--
-- Constraints for table `role_has_permissions`
--
ALTER TABLE `role_has_permissions`
  ADD CONSTRAINT `role_has_permissions_permission_id_foreign` FOREIGN KEY (`permission_id`) REFERENCES `permissions` (`id`) ON DELETE CASCADE,
  ADD CONSTRAINT `role_has_permissions_role_id_foreign` FOREIGN KEY (`role_id`) REFERENCES `roles` (`id`) ON DELETE CASCADE;
COMMIT;

/*!40101 SET CHARACTER_SET_CLIENT=@OLD_CHARACTER_SET_CLIENT */;
/*!40101 SET CHARACTER_SET_RESULTS=@OLD_CHARACTER_SET_RESULTS */;
/*!40101 SET COLLATION_CONNECTION=@OLD_COLLATION_CONNECTION */;
